a,b,c,d,e,f,g,h,i,j,k,l,m,n,o,p,q,r,s,t,u,v
1,0,0,0,1,0,0,0,1,0,0,0,1,0,0,1,0,0,1,0,0,0
1,0,0,0,1,0,0,0,1,0,0,0,1,0,0,1,0,0,0,1,0,0
1,0,0,0,1,0,0,0,1,0,0,0,1,0,0,1,0,0,0,0,1,0
1,0,0,0,1,0,0,0,1,0,0,0,1,0,0,0,1,0,1,0,0,0
1,0,0,0,1,0,0,0,1,0,0,0,1,0,0,0,1,0,0,1,0,0
1,0,0,0,1,0,0,0,1,0,0,0,1,0,0,0,1,0,0,0,1,0
1,0,0,0,1,0,0,0,1,0,0,0,1,0,0,0,0,1,1,0,0,0
1,0,0,0,1,0,0,0,1,0,0,0,1,0,0,0,0,1,0,1,0,0
1,0,0,0,1,0,0,0,1,0,0,0,1,0,0,0,0,1,0,0,1,0
1,0,0,0,1,0,0,0,1,0,0,0,0,1,0,1,0,0,1,0,0,0
1,0,0,0,1,0,0,0,1,0,0,0,0,1,0,1,0,0,0,1,0,0
1,0,0,0,1,0,0,0,1,0,0,0,0,1,0,1,0,0,0,0,1,0
1,0,0,0,1,0,0,0,1,0,0,0,0,1,0,0,1,0,1,0,0,0
1,0,0,0,1,0,0,0,1,0,0,0,0,1,0,0,1,0,0,1,0,0
1,0,0,0,1,0,0,0,1,0,0,0,0,1,0,0,1,0,0,0,1,0
1,0,0,0,1,0,0,0,1,0,0,0,0,1,0,0,0,1,1,0,0,0
1,0,0,0,1,0,0,0,1,0,0,0,0,1,0,0,0,1,0,1,0,0
1,0,0,0,1,0,0,0,1,0,0,0,0,1,0,0,0,1,0,0,1,0
1,0,0,0,1,0,0,0,1,0,0,0,0,0,1,1,0,0,1,0,0,0
1,0,0,0,1,0,0,0,1,0,0,0,0,0,1,1,0,0,0,1,0,0
1,0,0,0,1,0,0,0,1,0,0,0,0,0,1,1,0,0,0,0,1,0
1,0,0,0,1,0,0,0,1,0,0,0,0,0,1,0,1,0,1,0,0,0
1,0,0,0,1,0,0,0,1,0,0,0,0,0,1,0,1,0,0,1,0,0
1,0,0,0,1,0,0,0,1,0,0,0,0,0,1,0,1,0,0,0,1,0
1,0,0,0,1,0,0,0,1,0,0,0,0,0,1,0,0,1,1,0,0,0
1,0,0,0,1,0,0,0,1,0,0,0,0,0,1,0,0,1,0,1,0,0
1,0,0,0,1,0,0,0,1,0,0,0,0,0,1,0,0,1,0,0,1,0
1,0,0,0,1,0,0,0,0,1,0,0,1,0,0,1,0,0,1,0,0,0
1,0,0,0,1,0,0,0,0,1,0,0,1,0,0,1,0,0,0,1,0,0
1,0,0,0,1,0,0,0,0,1,0,0,1,0,0,1,0,0,0,0,1,0
1,0,0,0,1,0,0,0,0,1,0,0,1,0,0,0,1,0,1,0,0,0
1,0,0,0,1,0,0,0,0,1,0,0,1,0,0,0,1,0,0,1,0,0
1,0,0,0,1,0,0,0,0,1,0,0,1,0,0,0,1,0,0,0,1,0
1,0,0,0,1,0,0,0,0,1,0,0,1,0,0,0,0,1,1,0,0,0
1,0,0,0,1,0,0,0,0,1,0,0,1,0,0,0,0,1,0,1,0,0
1,0,0,0,1,0,0,0,0,1,0,0,1,0,0,0,0,1,0,0,1,0
1,0,0,0,1,0,0,0,0,1,0,0,0,1,0,1,0,0,1,0,0,0
1,0,0,0,1,0,0,0,0,1,0,0,0,1,0,1,0,0,0,1,0,0
1,0,0,0,1,0,0,0,0,0,1,0,0,1,0,1,0,0,0,1,0,0
1,0,0,0,1,0,0,0,0,0,1,0,0,1,0,1,0,0,0,0,1,0
1,0,0,0,1,0,0,0,0,0,1,0,0,1,0,0,1,0,1,0,0,0
1,0,0,0,1,0,0,0,0,0,1,0,0,1,0,0,1,0,0,1,0,0
1,0,0,0,1,0,0,0,0,0,1,0,0,1,0,0,1,0,0,0,1,0
1,0,0,0,1,0,0,0,0,0,1,0,0,1,0,0,0,1,1,0,0,0
1,0,0,0,1,0,0,0,0,0,1,0,0,1,0,0,0,1,0,1,0,0
1,0,0,0,1,0,0,0,0,0,1,0,0,1,0,0,0,1,0,0,1,0
1,0,0,0,1,0,0,0,0,0,1,0,0,0,1,1,0,0,1,0,0,0
1,0,0,0,1,0,0,0,0,0,1,0,0,0,1,1,0,0,0,1,0,0
1,0,0,0,1,0,0,0,0,0,1,0,0,0,1,1,0,0,0,0,1,0
1,0,0,0,1,0,0,0,0,0,1,0,0,0,1,0,1,0,1,0,0,0
1,0,0,0,1,0,0,0,0,0,1,0,0,0,1,0,1,0,0,1,0,0
1,0,0,0,1,0,0,0,0,0,1,0,0,0,1,0,1,0,0,0,1,0
1,0,0,0,1,0,0,0,0,0,1,0,0,0,1,0,0,1,1,0,0,0
1,0,0,0,1,0,0,0,0,0,1,0,0,0,1,0,0,1,0,1,0,0
1,0,0,0,1,0,0,0,0,0,1,0,0,0,1,0,0,1,0,0,1,0
1,0,0,0,1,0,0,0,0,0,0,1,1,0,0,1,0,0,1,0,0,0
1,0,0,0,1,0,0,0,0,0,0,1,1,0,0,1,0,0,0,1,0,0
1,0,0,0,1,0,0,0,0,0,0,1,1,0,0,1,0,0,0,0,1,0
1,0,0,0,1,0,0,0,0,0,0,1,1,0,0,0,1,0,1,0,0,0
1,0,0,0,1,0,0,0,0,0,0,1,1,0,0,0,1,0,0,1,0,0
1,0,0,0,1,0,0,0,0,0,0,1,1,0,0,0,1,0,0,0,1,0
1,0,0,0,1,0,0,0,0,0,0,1,1,0,0,0,0,1,1,0,0,0
1,0,0,0,1,0,0,0,0,0,0,1,1,0,0,0,0,1,0,1,0,0
1,0,0,0,1,0,0,0,0,0,0,1,1,0,0,0,0,1,0,0,1,0
1,0,0,0,1,0,0,0,0,0,0,1,0,1,0,1,0,0,1,0,0,0
1,0,0,0,1,0,0,0,0,0,0,1,0,1,0,1,0,0,0,1,0,0
1,0,0,0,1,0,0,0,0,0,0,1,0,1,0,1,0,0,0,0,1,0
1,0,0,0,1,0,0,0,0,0,0,1,0,1,0,0,1,0,1,0,0,0
1,0,0,0,1,0,0,0,0,0,0,1,0,1,0,0,1,0,0,1,0,0
1,0,0,0,1,0,0,0,0,0,0,1,0,1,0,0,1,0,0,0,1,0
1,0,0,0,1,0,0,0,0,0,0,1,0,1,0,0,0,1,1,0,0,0
1,0,0,0,1,0,0,0,0,0,0,1,0,1,0,0,0,1,0,1,0,0
1,0,0,0,1,0,0,0,0,0,0,1,0,1,0,0,0,1,0,0,1,0
1,0,0,0,1,0,0,0,0,0,0,1,0,0,1,1,0,0,1,0,0,0
1,0,0,0,1,0,0,0,0,0,0,1,0,0,1,1,0,0,0,1,0,0
1,0,0,0,1,0,0,0,0,0,0,1,0,0,1,1,0,0,0,0,1,0
1,0,0,0,1,0,0,0,0,0,0,1,0,0,1,0,1,0,1,0,0,0
1,0,0,0,1,0,0,0,0,0,0,1,0,0,1,0,1,0,0,1,0,0
1,0,0,0,1,0,0,0,0,0,0,1,0,0,1,0,1,0,0,0,1,0
1,0,0,0,1,0,0,0,0,0,0,1,0,0,1,0,0,1,1,0,0,0
1,0,0,0,1,0,0,0,0,0,0,1,0,0,1,0,0,1,0,1,0,0
1,0,0,0,1,0,0,0,0,0,0,1,0,0,1,0,0,1,0,0,1,0
1,0,0,0,0,1,0,0,1,0,0,0,1,0,0,1,0,0,1,0,0,0
1,0,0,0,0,1,0,0,1,0,0,0,1,0,0,1,0,0,0,1,0,0
1,0,0,0,0,1,0,0,1,0,0,0,1,0,0,1,0,0,0,0,1,0
1,0,0,0,0,1,0,0,1,0,0,0,1,0,0,0,1,0,1,0,0,0
1,0,0,0,0,1,0,0,1,0,0,0,1,0,0,0,1,0,0,1,0,0
1,0,0,0,0,1,0,0,1,0,0,0,1,0,0,0,1,0,0,0,1,0
1,0,0,0,0,1,0,0,1,0,0,0,1,0,0,0,0,1,1,0,0,0
1,0,0,0,0,1,0,0,1,0,0,0,1,0,0,0,0,1,0,1,0,0
1,0,0,0,0,1,0,0,1,0,0,0,1,0,0,0,0,1,0,0,1,0
1,0,0,0,0,1,0,0,1,0,0,0,0,1,0,1,0,0,1,0,0,0
1,0,0,0,0,1,0,0,1,0,0,0,0,1,0,1,0,0,0,1,0,0
1,0,0,0,0,1,0,0,1,0,0,0,0,1,0,1,0,0,0,0,1,0
1,0,0,0,0,1,0,0,1,0,0,0,0,1,0,0,1,0,1,0,0,0
1,0,0,0,0,1,0,0,1,0,0,0,0,1,0,0,1,0,0,1,0,0
1,0,0,0,0,1,0,0,1,0,0,0,0,1,0,0,1,0,0,0,1,0
1,0,0,0,0,1,0,0,1,0,0,0,0,1,0,0,0,1,1,0,0,0
1,0,0,0,0,1,0,0,1,0,0,0,0,1,0,0,0,1,0,1,0,0
1,0,0,0,0,1,0,0,1,0,0,0,0,1,0,0,0,1,0,0,1,0
1,0,0,0,0,1,0,0,1,0,0,0,0,0,1,1,0,0,1,0,0,0
1,0,0,0,0,1,0,0,1,0,0,0,0,0,1,1,0,0,0,1,0,0
1,0,0,0,0,1,0,0,1,0,0,0,0,0,1,1,0,0,0,0,1,0
1,0,0,0,0,1,0,0,1,0,0,0,0,0,1,0,1,0,1,0,0,0
1,0,0,0,0,1,0,0,1,0,0,0,0,0,1,0,1,0,0,1,0,0
1,0,0,0,0,1,0,0,1,0,0,0,0,0,1,0,1,0,0,0,1,0
1,0,0,0,0,1,0,0,1,0,0,0,0,0,1,0,0,1,1,0,0,0
1,0,0,0,0,1,0,0,1,0,0,0,0,0,1,0,0,1,0,1,0,0
1,0,0,0,0,1,0,0,1,0,0,0,0,0,1,0,0,1,0,0,1,0
1,0,0,0,0,1,0,0,0,1,0,0,1,0,0,1,0,0,1,0,0,0
1,0,0,0,0,1,0,0,0,1,0,0,1,0,0,1,0,0,0,1,0,0
1,0,0,0,0,1,0,0,0,1,0,0,1,0,0,1,0,0,0,0,1,0
1,0,0,0,0,1,0,0,0,1,0,0,1,0,0,0,1,0,1,0,0,0
1,0,0,0,0,1,0,0,0,1,0,0,1,0,0,0,1,0,0,1,0,0
1,0,0,0,0,1,0,0,0,1,0,0,1,0,0,0,1,0,0,0,1,0
1,0,0,0,0,1,0,0,0,1,0,0,1,0,0,0,0,1,1,0,0,0
1,0,0,0,0,1,0,0,0,1,0,0,1,0,0,0,0,1,0,1,0,0
1,0,0,0,0,1,0,0,0,1,0,0,1,0,0,0,0,1,0,0,1,0
1,0,0,0,0,1,0,0,0,1,0,0,0,1,0,1,0,0,1,0,0,0
1,0,0,0,0,1,0,0,0,1,0,0,0,1,0,1,0,0,0,1,0,0
1,0,0,0,0,1,0,0,0,1,0,0,0,1,0,1,0,0,0,0,1,0
1,0,0,0,0,1,0,0,0,1,0,0,0,1,0,0,1,0,1,0,0,0
1,0,0,0,0,1,0,0,0,1,0,0,0,1,0,0,1,0,0,1,0,0
1,0,0,0,0,1,0,0,0,1,0,0,0,1,0,0,1,0,0,0,1,0
1,0,0,0,0,1,0,0,0,1,0,0,0,1,0,0,0,1,1,0,0,0
1,0,0,0,0,1,0,0,0,1,0,0,0,1,0,0,0,1,0,1,0,0
1,0,0,0,0,1,0,0,0,1,0,0,0,1,0,0,0,1,0,0,1,0
1,0,0,0,0,1,0,0,0,1,0,0,0,0,1,1,0,0,1,0,0,0
1,0,0,0,0,1,0,0,0,1,0,0,0,0,1,1,0,0,0,1,0,0
1,0,0,0,0,1,0,0,0,1,0,0,0,0,1,1,0,0,0,0,1,0
1,0,0,0,0,1,0,0,0,1,0,0,0,0,1,0,1,0,1,0,0,0
1,0,0,0,0,1,0,0,0,1,0,0,0,0,1,0,1,0,0,1,0,0
1,0,0,0,0,1,0,0,0,1,0,0,0,0,1,0,1,0,0,0,1,0
1,0,0,0,0,1,0,0,0,1,0,0,0,0,1,0,0,1,1,0,0,0
1,0,0,0,0,1,0,0,0,1,0,0,0,0,1,0,0,1,0,1,0,0
1,0,0,0,0,1,0,0,0,1,0,0,0,0,1,0,0,1,0,0,1,0
1,0,0,0,0,1,0,0,0,0,1,0,1,0,0,1,0,0,1,0,0,0
1,0,0,0,0,1,0,0,0,0,1,0,1,0,0,1,0,0,0,1,0,0
1,0,0,0,0,1,0,0,0,0,1,0,1,0,0,1,0,0,0,0,1,0
1,0,0,0,0,1,0,0,0,0,1,0,1,0,0,0,1,0,1,0,0,0
1,0,0,0,0,1,0,0,0,0,1,0,1,0,0,0,1,0,0,1,0,0
1,0,0,0,0,1,0,0,0,0,1,0,1,0,0,0,1,0,0,0,1,0
1,0,0,0,0,1,0,0,0,0,1,0,1,0,0,0,0,1,1,0,0,0
1,0,0,0,0,1,0,0,0,0,1,0,1,0,0,0,0,1,0,1,0,0
1,0,0,0,0,1,0,0,0,0,1,0,1,0,0,0,0,1,0,0,1,0
1,0,0,0,0,1,0,0,0,0,1,0,0,1,0,1,0,0,1,0,0,0
1,0,0,0,0,1,0,0,0,0,1,0,0,1,0,1,0,0,0,1,0,0
1,0,0,0,0,1,0,0,0,0,1,0,0,1,0,1,0,0,0,0,1,0
1,0,0,0,0,1,0,0,0,0,1,0,0,1,0,0,1,0,1,0,0,0
1,0,0,0,0,1,0,0,0,0,1,0,0,1,0,0,1,0,0,1,0,0
1,0,0,0,0,1,0,0,0,0,1,0,0,1,0,0,1,0,0,0,1,0
1,0,0,0,0,1,0,0,0,0,1,0,0,1,0,0,0,1,1,0,0,0
1,0,0,0,0,1,0,0,0,0,1,0,0,1,0,0,0,1,0,1,0,0
1,0,0,0,0,1,0,0,0,0,1,0,0,1,0,0,0,1,0,0,1,0
1,0,0,0,0,1,0,0,0,0,1,0,0,0,1,1,0,0,1,0,0,0
1,0,0,0,0,1,0,0,0,0,1,0,0,0,1,1,0,0,0,1,0,0
1,0,0,0,0,1,0,0,0,0,1,0,0,0,1,1,0,0,0,0,1,0
1,0,0,0,0,1,0,0,0,0,1,0,0,0,1,0,1,0,1,0,0,0
1,0,0,0,0,1,0,0,0,0,1,0,0,0,1,0,1,0,0,1,0,0
1,0,0,0,0,1,0,0,0,0,1,0,0,0,1,0,1,0,0,0,1,0
1,0,0,0,0,1,0,0,0,0,1,0,0,0,1,0,0,1,1,0,0,0
1,0,0,0,0,1,0,0,0,0,1,0,0,0,1,0,0,1,0,1,0,0
1,0,0,0,0,1,0,0,0,0,1,0,0,0,1,0,0,1,0,0,1,0
1,0,0,0,0,1,0,0,0,0,0,1,1,0,0,1,0,0,1,0,0,0
1,0,0,0,0,1,0,0,0,0,0,1,1,0,0,1,0,0,0,1,0,0
1,0,0,0,0,1,0,0,0,0,0,1,1,0,0,1,0,0,0,0,1,0
1,0,0,0,0,1,0,0,0,0,0,1,1,0,0,0,1,0,1,0,0,0
1,0,0,0,0,1,0,0,0,0,0,1,1,0,0,0,1,0,0,1,0,0
1,0,0,0,0,1,0,0,0,0,0,1,1,0,0,0,1,0,0,0,1,0
1,0,0,0,0,1,0,0,0,0,0,1,1,0,0,0,0,1,1,0,0,0
1,0,0,0,0,1,0,0,0,0,0,1,1,0,0,0,0,1,0,1,0,0
1,0,0,0,0,1,0,0,0,0,0,1,1,0,0,0,0,1,0,0,1,0
1,0,0,0,0,1,0,0,0,0,0,1,0,1,0,1,0,0,1,0,0,0
1,0,0,0,0,1,0,0,0,0,0,1,0,1,0,1,0,0,0,1,0,0
1,0,0,0,0,1,0,0,0,0,0,1,0,1,0,1,0,0,0,0,1,0
1,0,0,0,0,1,0,0,0,0,0,1,0,1,0,0,1,0,1,0,0,0
1,0,0,0,0,1,0,0,0,0,0,1,0,1,0,0,1,0,0,1,0,0
1,0,0,0,0,1,0,0,0,0,0,1,0,1,0,0,1,0,0,0,1,0
1,0,0,0,0,1,0,0,0,0,0,1,0,1,0,0,0,1,1,0,0,0
1,0,0,0,0,1,0,0,0,0,0,1,0,1,0,0,0,1,0,1,0,0
1,0,0,0,0,1,0,0,0,0,0,1,0,1,0,0,0,1,0,0,1,0
1,0,0,0,0,1,0,0,0,0,0,1,0,0,1,1,0,0,1,0,0,0
1,0,0,0,0,1,0,0,0,0,0,1,0,0,1,1,0,0,0,1,0,0
1,0,0,0,0,1,0,0,0,0,0,1,0,0,1,1,0,0,0,0,1,0
1,0,0,0,0,1,0,0,0,0,0,1,0,0,1,0,1,0,1,0,0,0
1,0,0,0,0,1,0,0,0,0,0,1,0,0,1,0,1,0,0,1,0,0
1,0,0,0,0,1,0,0,0,0,0,1,0,0,1,0,1,0,0,0,1,0
1,0,0,0,0,1,0,0,0,0,0,1,0,0,1,0,0,1,1,0,0,0
1,0,0,0,0,1,0,0,0,0,0,1,0,0,1,0,0,1,0,1,0,0
1,0,0,0,0,1,0,0,0,0,0,1,0,0,1,0,0,1,0,0,1,0
1,0,0,0,0,0,1,0,1,0,0,0,1,0,0,1,0,0,1,0,0,0
1,0,0,0,0,0,1,0,1,0,0,0,1,0,0,1,0,0,0,1,0,0
1,0,0,0,0,0,1,0,1,0,0,0,1,0,0,1,0,0,0,0,1,0
1,0,0,0,0,0,1,0,1,0,0,0,1,0,0,0,1,0,1,0,0,0
1,0,0,0,0,0,1,0,1,0,0,0,1,0,0,0,1,0,0,1,0,0
1,0,0,0,0,0,1,0,1,0,0,0,1,0,0,0,1,0,0,0,1,0
1,0,0,0,0,0,1,0,1,0,0,0,1,0,0,0,0,1,1,0,0,0
1,0,0,0,0,0,1,0,1,0,0,0,1,0,0,0,0,1,0,1,0,0
1,0,0,0,0,0,1,0,1,0,0,0,1,0,0,0,0,1,0,0,1,0
0,1,0,0,1,0,0,0,0,1,0,0,0,0,1,1,0,0,0,1,0,0
0,1,0,0,1,0,0,0,0,1,0,0,0,0,1,1,0,0,0,0,1,0
0,1,0,0,1,0,0,0,0,1,0,0,0,0,1,0,1,0,1,0,0,0
0,1,0,0,1,0,0,0,0,1,0,0,0,0,1,0,1,0,0,1,0,0
0,1,0,0,1,0,0,0,0,1,0,0,0,0,1,0,1,0,0,0,1,0
0,1,0,0,1,0,0,0,0,1,0,0,0,0,1,0,0,1,1,0,0,0
0,1,0,0,1,0,0,0,0,1,0,0,0,0,1,0,0,1,0,1,0,0
0,1,0,0,1,0,0,0,0,1,0,0,0,0,1,0,0,1,0,0,1,0
0,1,0,0,1,0,0,0,0,0,1,0,1,0,0,1,0,0,1,0,0,0
0,1,0,0,1,0,0,0,0,0,1,0,1,0,0,1,0,0,0,1,0,0
0,1,0,0,1,0,0,0,0,0,1,0,1,0,0,1,0,0,0,0,1,0
0,1,0,0,1,0,0,0,0,0,1,0,1,0,0,0,1,0,1,0,0,0
0,1,0,0,1,0,0,0,0,0,1,0,1,0,0,0,1,0,0,1,0,0
0,1,0,0,1,0,0,0,0,0,1,0,1,0,0,0,1,0,0,0,1,0
0,1,0,0,1,0,0,0,0,0,1,0,1,0,0,0,0,1,1,0,0,0
0,1,0,0,1,0,0,0,0,0,1,0,1,0,0,0,0,1,0,1,0,0
0,1,0,0,1,0,0,0,0,0,1,0,1,0,0,0,0,1,0,0,1,0
0,1,0,0,1,0,0,0,0,0,1,0,0,1,0,1,0,0,1,0,0,0
0,1,0,0,1,0,0,0,0,0,1,0,0,1,0,1,0,0,0,1,0,0
0,1,0,0,1,0,0,0,0,0,1,0,0,1,0,1,0,0,0,0,1,0
0,1,0,0,1,0,0,0,0,0,1,0,0,1,0,0,1,0,1,0,0,0
0,1,0,0,1,0,0,0,0,0,1,0,0,1,0,0,1,0,0,1,0,0
0,1,0,0,1,0,0,0,0,0,1,0,0,1,0,0,1,0,0,0,1,0
0,1,0,0,1,0,0,0,0,0,1,0,0,1,0,0,0,1,1,0,0,0
0,1,0,0,1,0,0,0,0,0,1,0,0,1,0,0,0,1,0,1,0,0
0,1,0,0,1,0,0,0,0,0,1,0,0,1,0,0,0,1,0,0,1,0
0,1,0,0,1,0,0,0,0,0,1,0,0,0,1,1,0,0,1,0,0,0
0,1,0,0,1,0,0,0,0,0,1,0,0,0,1,1,0,0,0,1,0,0
0,1,0,0,1,0,0,0,0,0,1,0,0,0,1,1,0,0,0,0,1,0
0,1,0,0,1,0,0,0,0,0,1,0,0,0,1,0,1,0,1,0,0,0
0,1,0,0,1,0,0,0,0,0,1,0,0,0,1,0,1,0,0,1,0,0
0,1,0,0,1,0,0,0,0,0,1,0,0,0,1,0,1,0,0,0,1,0
0,1,0,0,1,0,0,0,0,0,1,0,0,0,1,0,0,1,1,0,0,0
0,1,0,0,1,0,0,0,0,0,1,0,0,0,1,0,0,1,0,1,0,0
0,1,0,0,1,0,0,0,0,0,1,0,0,0,1,0,0,1,0,0,1,0
0,1,0,0,1,0,0,0,0,0,0,1,1,0,0,1,0,0,1,0,0,0
0,1,0,0,1,0,0,0,0,0,0,1,1,0,0,1,0,0,0,1,0,0
0,1,0,0,1,0,0,0,0,0,0,1,1,0,0,1,0,0,0,0,1,0
0,1,0,0,1,0,0,0,0,0,0,1,1,0,0,0,1,0,1,0,0,0
0,1,0,0,1,0,0,0,0,0,0,1,1,0,0,0,1,0,0,1,0,0
0,1,0,0,1,0,0,0,0,0,0,1,1,0,0,0,1,0,0,0,1,0
0,1,0,0,1,0,0,0,0,0,0,1,1,0,0,0,0,1,1,0,0,0
0,1,0,0,1,0,0,0,0,0,0,1,1,0,0,0,0,1,0,1,0,0
0,1,0,0,1,0,0,0,0,0,0,1,1,0,0,0,0,1,0,0,1,0
0,1,0,0,1,0,0,0,0,0,0,1,0,1,0,1,0,0,1,0,0,0
0,1,0,0,1,0,0,0,0,0,0,1,0,1,0,1,0,0,0,1,0,0
0,1,0,0,1,0,0,0,0,0,0,1,0,1,0,1,0,0,0,0,1,0
0,1,0,0,1,0,0,0,0,0,0,1,0,1,0,0,1,0,1,0,0,0
0,1,0,0,1,0,0,0,0,0,0,1,0,1,0,0,1,0,0,1,0,0
0,1,0,0,1,0,0,0,0,0,0,1,0,1,0,0,1,0,0,0,1,0
0,1,0,0,1,0,0,0,0,0,0,1,0,1,0,0,0,1,1,0,0,0
0,1,0,0,1,0,0,0,0,0,0,1,0,1,0,0,0,1,0,1,0,0
0,1,0,0,1,0,0,0,0,0,0,1,0,1,0,0,0,1,0,0,1,0
0,1,0,0,1,0,0,0,0,0,0,1,0,0,1,1,0,0,1,0,0,0
0,1,0,0,1,0,0,0,0,0,0,1,0,0,1,1,0,0,0,1,0,0
0,1,0,0,1,0,0,0,0,0,0,1,0,0,1,1,0,0,0,0,1,0
0,1,0,0,1,0,0,0,0,0,0,1,0,0,1,0,1,0,1,0,0,0
0,1,0,0,1,0,0,0,0,0,0,1,0,0,1,0,1,0,0,1,0,0
0,1,0,0,1,0,0,0,0,0,0,1,0,0,1,0,1,0,0,0,1,0
0,1,0,0,1,0,0,0,0,0,0,1,0,0,1,0,0,1,1,0,0,0
0,1,0,0,1,0,0,0,0,0,0,1,0,0,1,0,0,1,0,1,0,0
0,1,0,0,1,0,0,0,0,0,0,1,0,0,1,0,0,1,0,0,1,0
0,1,0,0,0,1,0,0,1,0,0,0,1,0,0,1,0,0,1,0,0,0
0,1,0,0,0,1,0,0,1,0,0,0,1,0,0,1,0,0,0,1,0,0
0,1,0,0,0,1,0,0,1,0,0,0,1,0,0,1,0,0,0,0,1,0
0,1,0,0,0,1,0,0,1,0,0,0,1,0,0,0,1,0,1,0,0,0
0,1,0,0,0,1,0,0,1,0,0,0,1,0,0,0,1,0,0,1,0,0
0,1,0,0,0,1,0,0,1,0,0,0,1,0,0,0,1,0,0,0,1,0
0,1,0,0,0,1,0,0,1,0,0,0,1,0,0,0,0,1,1,0,0,0
0,1,0,0,0,1,0,0,1,0,0,0,1,0,0,0,0,1,0,1,0,0
0,1,0,0,0,1,0,0,1,0,0,0,1,0,0,0,0,1,0,0,1,0
0,1,0,0,0,1,0,0,1,0,0,0,0,1,0,1,0,0,1,0,0,0
0,1,0,0,0,1,0,0,1,0,0,0,0,1,0,1,0,0,0,1,0,0
0,1,0,0,0,1,0,0,1,0,0,0,0,1,0,1,0,0,0,0,1,1
0,1,0,0,0,1,0,0,1,0,0,0,0,1,0,0,1,0,1,0,0,0
0,1,0,0,0,1,0,0,1,0,0,0,0,1,0,0,1,0,0,1,0,0
0,1,0,0,0,1,0,0,1,0,0,0,0,1,0,0,1,0,0,0,1,1
0,1,0,0,0,1,0,0,1,0,0,0,0,1,0,0,0,1,1,0,0,0
0,1,0,0,0,1,0,0,1,0,0,0,0,1,0,0,0,1,0,1,0,1
0,1,0,0,0,1,0,0,1,0,0,0,0,1,0,0,0,1,0,0,1,1
0,1,0,0,0,1,0,0,1,0,0,0,0,0,1,1,0,0,1,0,0,0
0,1,0,0,0,1,0,0,1,0,0,0,0,0,1,1,0,0,0,1,0,0
0,1,0,0,0,1,0,0,1,0,0,0,0,0,1,1,0,0,0,0,1,0
0,1,0,0,0,1,0,0,1,0,0,0,0,0,1,0,1,0,1,0,0,0
0,1,0,0,0,1,0,0,1,0,0,0,0,0,1,0,1,0,0,1,0,0
0,1,0,0,0,1,0,0,1,0,0,0,0,0,1,0,1,0,0,0,1,1
0,1,0,0,0,1,0,0,1,0,0,0,0,0,1,0,0,1,1,0,0,0
0,1,0,0,0,1,0,0,1,0,0,0,0,0,1,0,0,1,0,1,0,1
0,1,0,0,0,1,0,0,1,0,0,0,0,0,1,0,0,1,0,0,1,1
0,1,0,0,0,1,0,0,0,1,0,0,1,0,0,1,0,0,1,0,0,0
0,1,0,0,0,1,0,0,0,1,0,0,1,0,0,1,0,0,0,1,0,0
0,1,0,0,0,1,0,0,0,1,0,0,1,0,0,1,0,0,0,0,1,0
0,1,0,0,0,1,0,0,0,1,0,0,1,0,0,0,1,0,1,0,0,0
0,1,0,0,0,1,0,0,0,1,0,0,1,0,0,0,1,0,0,1,0,0
0,1,0,0,0,1,0,0,0,1,0,0,1,0,0,0,1,0,0,0,1,0
0,1,0,0,0,1,0,0,0,1,0,0,1,0,0,0,0,1,1,0,0,0
0,1,0,0,0,1,0,0,0,1,0,0,1,0,0,0,0,1,0,1,0,0
0,1,0,0,0,1,0,0,0,1,0,0,1,0,0,0,0,1,0,0,1,0
0,1,0,0,0,1,0,0,0,1,0,0,0,1,0,1,0,0,1,0,0,0
0,1,0,0,0,1,0,0,0,1,0,0,0,1,0,1,0,0,0,1,0,0
0,1,0,0,0,1,0,0,0,1,0,0,0,1,0,1,0,0,0,0,1,1
0,1,0,0,0,1,0,0,0,1,0,0,0,1,0,0,1,0,1,0,0,0
0,1,0,0,0,1,0,0,0,1,0,0,0,1,0,0,1,0,0,1,0,0
0,1,0,0,0,1,0,0,0,1,0,0,0,1,0,0,1,0,0,0,1,1
0,1,0,0,0,1,0,0,0,1,0,0,0,1,0,0,0,1,1,0,0,0
0,1,0,0,0,1,0,0,0,1,0,0,0,1,0,0,0,1,0,1,0,1
0,1,0,0,0,1,0,0,0,1,0,0,0,1,0,0,0,1,0,0,1,1
0,1,0,0,0,1,0,0,0,1,0,0,0,0,1,1,0,0,1,0,0,0
0,1,0,0,0,1,0,0,0,1,0,0,0,0,1,1,0,0,0,1,0,0
0,1,0,0,0,1,0,0,0,1,0,0,0,0,1,1,0,0,0,0,1,1
0,1,0,0,0,1,0,0,0,1,0,0,0,0,1,0,1,0,1,0,0,0
0,1,0,0,0,1,0,0,0,1,0,0,0,0,1,0,1,0,0,1,0,1
0,1,0,0,0,1,0,0,0,1,0,0,0,0,1,0,1,0,0,0,1,1
0,1,0,0,0,1,0,0,0,1,0,0,0,0,1,0,0,1,1,0,0,0
0,1,0,0,0,1,0,0,0,1,0,0,0,0,1,0,0,1,0,1,0,1
0,1,0,0,0,1,0,0,0,1,0,0,0,0,1,0,0,1,0,0,1,1
0,1,0,0,0,1,0,0,0,0,1,0,1,0,0,1,0,0,1,0,0,0
0,1,0,0,0,1,0,0,0,0,1,0,1,0,0,1,0,0,0,1,0,0
0,1,0,0,0,1,0,0,0,0,1,0,1,0,0,1,0,0,0,0,1,0
0,1,0,0,0,1,0,0,0,0,1,0,1,0,0,0,1,0,1,0,0,0
0,1,0,0,0,1,0,0,0,0,1,0,1,0,0,0,1,0,0,1,0,0
0,1,0,0,0,1,0,0,0,0,1,0,1,0,0,0,1,0,0,0,1,0
0,1,0,0,0,1,0,0,0,0,1,0,1,0,0,0,0,1,1,0,0,0
0,1,0,0,0,1,0,0,0,0,1,0,1,0,0,0,0,1,0,1,0,0
0,1,0,0,0,1,0,0,0,0,1,0,1,0,0,0,0,1,0,0,1,0
0,1,0,0,0,1,0,0,0,0,1,0,0,1,0,1,0,0,1,0,0,0
0,1,0,0,0,1,0,0,0,0,1,0,0,1,0,1,0,0,0,1,0,0
0,1,0,0,0,1,0,0,0,0,1,0,0,1,0,1,0,0,0,0,1,1
0,1,0,0,0,1,0,0,0,0,1,0,0,1,0,0,1,0,1,0,0,0
0,1,0,0,0,1,0,0,0,0,1,0,0,1,0,0,1,0,0,1,0,1
0,1,0,0,0,1,0,0,0,0,1,0,0,1,0,0,1,0,0,0,1,1
0,1,0,0,0,1,0,0,0,0,1,0,0,1,0,0,0,1,1,0,0,0
0,1,0,0,0,1,0,0,0,0,1,0,0,1,0,0,0,1,0,1,0,1
0,1,0,0,0,1,0,0,0,0,1,0,0,1,0,0,0,1,0,0,1,1
0,1,0,0,0,1,0,0,0,0,1,0,0,0,1,1,0,0,1,0,0,0
0,1,0,0,0,1,0,0,0,0,1,0,0,0,1,1,0,0,0,1,0,0
0,1,0,0,0,1,0,0,0,0,1,0,0,0,1,1,0,0,0,0,1,1
0,1,0,0,0,1,0,0,0,0,1,0,0,0,1,0,1,0,1,0,0,0
0,1,0,0,0,1,0,0,0,0,1,0,0,0,1,0,1,0,0,1,0,1
0,1,0,0,0,1,0,0,0,0,1,0,0,0,1,0,1,0,0,0,1,1
0,1,0,0,0,1,0,0,0,0,1,0,0,0,1,0,0,1,1,0,0,0
0,1,0,0,0,1,0,0,0,0,1,0,0,0,1,0,0,1,0,1,0,1
0,1,0,0,0,1,0,0,0,0,1,0,0,0,1,0,0,1,0,0,1,1
0,1,0,0,0,1,0,0,0,0,0,1,1,0,0,1,0,0,1,0,0,0
0,1,0,0,0,1,0,0,0,0,0,1,1,0,0,1,0,0,0,1,0,0
0,1,0,0,0,1,0,0,0,0,0,1,1,0,0,1,0,0,0,0,1,0
0,1,0,0,0,1,0,0,0,0,0,1,1,0,0,0,1,0,1,0,0,0
0,1,0,0,0,1,0,0,0,0,0,1,1,0,0,0,1,0,0,1,0,0
0,1,0,0,0,1,0,0,0,0,0,1,1,0,0,0,1,0,0,0,1,0
0,1,0,0,0,1,0,0,0,0,0,1,1,0,0,0,0,1,1,0,0,0
0,1,0,0,0,1,0,0,0,0,0,1,1,0,0,0,0,1,0,1,0,0
0,1,0,0,0,1,0,0,0,0,0,1,1,0,0,0,0,1,0,0,1,0
0,1,0,0,0,1,0,0,0,0,0,1,0,1,0,1,0,0,1,0,0,0
0,1,0,0,0,1,0,0,0,0,0,1,0,1,0,1,0,0,0,1,0,0
0,1,0,0,0,1,0,0,0,0,0,1,0,1,0,1,0,0,0,0,1,1
0,1,0,0,0,1,0,0,0,0,0,1,0,1,0,0,1,0,1,0,0,0
0,1,0,0,0,1,0,0,0,0,0,1,0,1,0,0,1,0,0,1,0,1
0,1,0,0,0,1,0,0,0,0,0,1,0,1,0,0,1,0,0,0,1,1
0,1,0,0,0,1,0,0,0,0,0,1,0,1,0,0,0,1,1,0,0,0
0,1,0,0,0,1,0,0,0,0,0,1,0,1,0,0,0,1,0,1,0,1
0,1,0,0,0,1,0,0,0,0,0,1,0,1,0,0,0,1,0,0,1,1
0,1,0,0,0,1,0,0,0,0,0,1,0,0,1,1,0,0,1,0,0,0
0,1,0,0,0,1,0,0,0,0,0,1,0,0,1,1,0,0,0,1,0,0
0,1,0,0,0,1,0,0,0,0,0,1,0,0,1,1,0,0,0,0,1,1
0,1,0,0,0,1,0,0,0,0,0,1,0,0,1,0,1,0,1,0,0,0
0,1,0,0,0,1,0,0,0,0,0,1,0,0,1,0,1,0,0,1,0,1
0,1,0,0,0,1,0,0,0,0,0,1,0,0,1,0,1,0,0,0,1,1
0,1,0,0,0,1,0,0,0,0,0,1,0,0,1,0,0,1,1,0,0,0
0,1,0,0,0,1,0,0,0,0,0,1,0,0,1,0,0,1,0,1,0,1
0,1,0,0,0,1,0,0,0,0,0,1,0,0,1,0,0,1,0,0,1,1
0,1,0,0,0,0,1,0,1,0,0,0,1,0,0,1,0,0,1,0,0,0
0,1,0,0,0,0,1,0,1,0,0,0,1,0,0,1,0,0,0,1,0,0
0,1,0,0,0,0,1,0,1,0,0,0,1,0,0,1,0,0,0,0,1,0
0,1,0,0,0,0,1,0,1,0,0,0,1,0,0,0,1,0,1,0,0,0
0,1,0,0,0,0,1,0,1,0,0,0,1,0,0,0,1,0,0,1,0,0
0,1,0,0,0,0,1,0,1,0,0,0,1,0,0,0,1,0,0,0,1,0
0,1,0,0,0,0,1,0,1,0,0,0,1,0,0,0,0,1,1,0,0,0
0,1,0,0,0,0,1,0,1,0,0,0,1,0,0,0,0,1,0,1,0,0
0,1,0,0,0,0,1,0,1,0,0,0,1,0,0,0,0,1,0,0,1,0
0,1,0,0,0,0,1,0,1,0,0,0,0,1,0,1,0,0,1,0,0,0
0,1,0,0,0,0,1,0,1,0,0,0,0,1,0,1,0,0,0,1,0,0
0,1,0,0,0,0,1,0,1,0,0,0,0,1,0,1,0,0,0,0,1,1
0,1,0,0,0,0,1,0,1,0,0,0,0,1,0,0,1,0,1,0,0,0
0,1,0,0,0,0,1,0,1,0,0,0,0,1,0,0,1,0,0,1,0,0
0,1,0,0,0,0,1,0,1,0,0,0,0,1,0,0,1,0,0,0,1,1
0,1,0,0,0,0,1,0,1,0,0,0,0,1,0,0,0,1,1,0,0,0
0,1,0,0,0,0,1,0,1,0,0,0,0,1,0,0,0,1,0,1,0,1
0,1,0,0,0,0,1,0,1,0,0,0,0,1,0,0,0,1,0,0,1,1
0,1,0,0,0,0,1,0,1,0,0,0,0,0,1,1,0,0,1,0,0,0
0,1,0,0,0,0,1,0,1,0,0,0,0,0,1,1,0,0,0,1,0,0
0,1,0,0,0,0,1,0,1,0,0,0,0,0,1,1,0,0,0,0,1,0
0,1,0,0,0,0,1,0,1,0,0,0,0,0,1,0,1,0,1,0,0,0
0,1,0,0,0,0,1,0,1,0,0,0,0,0,1,0,1,0,0,1,0,0
0,1,0,0,0,0,1,0,1,0,0,0,0,0,1,0,1,0,0,0,1,1
0,1,0,0,0,0,1,0,1,0,0,0,0,0,1,0,0,1,1,0,0,0
0,1,0,0,0,0,1,0,1,0,0,0,0,0,1,0,0,1,0,1,0,1
0,1,0,0,0,0,1,0,1,0,0,0,0,0,1,0,0,1,0,0,1,1
0,1,0,0,0,0,1,0,0,1,0,0,1,0,0,1,0,0,1,0,0,0
0,1,0,0,0,0,1,0,0,1,0,0,1,0,0,1,0,0,0,1,0,0
0,1,0,0,0,0,1,0,0,1,0,0,1,0,0,1,0,0,0,0,1,0
0,1,0,0,0,0,1,0,0,1,0,0,1,0,0,0,1,0,1,0,0,0
0,1,0,0,0,0,1,0,0,1,0,0,1,0,0,0,1,0,0,1,0,0
0,1,0,0,0,0,1,0,0,1,0,0,1,0,0,0,1,0,0,0,1,0
0,1,0,0,0,0,1,0,0,1,0,0,1,0,0,0,0,1,1,0,0,0
0,1,0,0,0,0,1,0,0,1,0,0,1,0,0,0,0,1,0,1,0,0
0,1,0,0,0,0,1,0,0,1,0,0,1,0,0,0,0,1,0,0,1,0
0,1,0,0,0,0,1,0,0,1,0,0,0,1,0,1,0,0,1,0,0,0
0,1,0,0,0,0,1,0,0,1,0,0,0,1,0,1,0,0,0,1,0,0
0,1,0,0,0,0,1,0,0,1,0,0,0,1,0,1,0,0,0,0,1,1
0,1,0,0,0,0,1,0,0,1,0,0,0,1,0,0,1,0,1,0,0,0
0,1,0,0,0,0,1,0,0,1,0,0,0,1,0,0,1,0,0,1,0,0
0,1,0,0,0,0,1,0,0,1,0,0,0,1,0,0,1,0,0,0,1,1
0,1,0,0,0,0,1,0,0,1,0,0,0,1,0,0,0,1,1,0,0,0
0,1,0,0,0,0,1,0,0,1,0,0,0,1,0,0,0,1,0,1,0,1
0,1,0,0,0,0,1,0,0,1,0,0,0,1,0,0,0,1,0,0,1,1
0,1,0,0,0,0,1,0,0,1,0,0,0,0,1,1,0,0,1,0,0,0
0,1,0,0,0,0,1,0,0,1,0,0,0,0,1,1,0,0,0,1,0,0
0,1,0,0,0,0,1,0,0,1,0,0,0,0,1,1,0,0,0,0,1,1
0,1,0,0,0,0,1,0,0,1,0,0,0,0,1,0,1,0,1,0,0,0
0,1,0,0,0,0,1,0,0,1,0,0,0,0,1,0,1,0,0,1,0,1
0,1,0,0,0,0,1,0,0,1,0,0,0,0,1,0,1,0,0,0,1,1
0,1,0,0,0,0,1,0,0,1,0,0,0,0,1,0,0,1,1,0,0,0
0,1,0,0,0,0,1,0,0,1,0,0,0,0,1,0,0,1,0,1,0,1
0,1,0,0,0,0,1,0,0,1,0,0,0,0,1,0,0,1,0,0,1,1
0,1,0,0,0,0,1,0,0,0,1,0,1,0,0,1,0,0,1,0,0,0
0,1,0,0,0,0,1,0,0,0,1,0,1,0,0,1,0,0,0,1,0,0
0,1,0,0,0,0,1,0,0,0,1,0,1,0,0,1,0,0,0,0,1,0
0,1,0,0,0,0,1,0,0,0,1,0,1,0,0,0,1,0,1,0,0,0
0,1,0,0,0,0,1,0,0,0,1,0,1,0,0,0,1,0,0,1,0,0
0,1,0,0,0,0,1,0,0,0,1,0,1,0,0,0,1,0,0,0,1,0
0,1,0,0,0,0,1,0,0,0,1,0,1,0,0,0,0,1,1,0,0,0
0,1,0,0,0,0,1,0,0,0,1,0,1,0,0,0,0,1,0,1,0,0
0,1,0,0,0,0,1,0,0,0,1,0,1,0,0,0,0,1,0,0,1,0
0,1,0,0,0,0,1,0,0,0,1,0,0,1,0,1,0,0,1,0,0,0
0,1,0,0,0,0,1,0,0,0,1,0,0,1,0,1,0,0,0,1,0,0
0,1,0,0,0,0,1,0,0,0,1,0,0,1,0,1,0,0,0,0,1,1
0,1,0,0,0,0,1,0,0,0,1,0,0,1,0,0,1,0,1,0,0,0
0,1,0,0,0,0,1,0,0,0,1,0,0,1,0,0,1,0,0,1,0,1
0,1,0,0,0,0,1,0,0,0,1,0,0,1,0,0,1,0,0,0,1,1
0,1,0,0,0,0,1,0,0,0,1,0,0,1,0,0,0,1,1,0,0,0
0,1,0,0,0,0,1,0,0,0,1,0,0,1,0,0,0,1,0,1,0,1
0,1,0,0,0,0,1,0,0,0,1,0,0,1,0,0,0,1,0,0,1,1
0,1,0,0,0,0,1,0,0,0,1,0,0,0,1,1,0,0,1,0,0,0
0,1,0,0,0,0,1,0,0,0,1,0,0,0,1,1,0,0,0,1,0,0
0,1,0,0,0,0,1,0,0,0,1,0,0,0,1,1,0,0,0,0,1,1
0,1,0,0,0,0,1,0,0,0,1,0,0,0,1,0,1,0,1,0,0,0
0,1,0,0,0,0,1,0,0,0,1,0,0,0,1,0,1,0,0,1,0,1
0,1,0,0,0,0,1,0,0,0,1,0,0,0,1,0,1,0,0,0,1,1
0,1,0,0,0,0,1,0,0,0,1,0,0,0,1,0,0,1,1,0,0,0
0,1,0,0,0,0,1,0,0,0,1,0,0,0,1,0,0,1,0,1,0,1
0,1,0,0,0,0,1,0,0,0,1,0,0,0,1,0,0,1,0,0,1,1
0,1,0,0,0,0,1,0,0,0,0,1,1,0,0,1,0,0,1,0,0,0
0,1,0,0,0,0,1,0,0,0,0,1,1,0,0,1,0,0,0,1,0,0
0,1,0,0,0,0,1,0,0,0,0,1,1,0,0,1,0,0,0,0,1,0
0,1,0,0,0,0,1,0,0,0,0,1,1,0,0,0,1,0,1,0,0,0
0,1,0,0,0,0,1,0,0,0,0,1,1,0,0,0,1,0,0,1,0,0
0,1,0,0,0,0,1,0,0,0,0,1,1,0,0,0,1,0,0,0,1,0
0,1,0,0,0,0,1,0,0,0,0,1,1,0,0,0,0,1,1,0,0,0
0,1,0,0,0,0,1,0,0,0,0,1,1,0,0,0,0,1,0,1,0,0
0,1,0,0,0,0,1,0,0,0,0,1,1,0,0,0,0,1,0,0,1,0
0,1,0,0,0,0,1,0,0,0,0,1,0,1,0,1,0,0,1,0,0,0
0,1,0,0,0,0,1,0,0,0,0,1,0,1,0,1,0,0,0,1,0,0
0,1,0,0,0,0,1,0,0,0,0,1,0,1,0,1,0,0,0,0,1,1
0,1,0,0,0,0,1,0,0,0,0,1,0,1,0,0,1,0,1,0,0,0
0,1,0,0,0,0,1,0,0,0,0,1,0,1,0,0,1,0,0,1,0,1
0,1,0,0,0,0,1,0,0,0,0,1,0,1,0,0,1,0,0,0,1,1
0,1,0,0,0,0,1,0,0,0,0,1,0,1,0,0,0,1,1,0,0,0
0,1,0,0,0,0,1,0,0,0,0,1,0,1,0,0,0,1,0,1,0,1
0,1,0,0,0,0,1,0,0,0,0,1,0,1,0,0,0,1,0,0,1,1
0,1,0,0,0,0,1,0,0,0,0,1,0,0,1,1,0,0,1,0,0,0
0,1,0,0,0,0,1,0,0,0,0,1,0,0,1,1,0,0,0,1,0,0
0,1,0,0,0,0,1,0,0,0,0,1,0,0,1,1,0,0,0,0,1,1
0,1,0,0,0,0,1,0,0,0,0,1,0,0,1,0,1,0,1,0,0,0
0,1,0,0,0,0,1,0,0,0,0,1,0,0,1,0,1,0,0,1,0,1
0,1,0,0,0,0,1,0,0,0,0,1,0,0,1,0,1,0,0,0,1,1
0,1,0,0,0,0,1,0,0,0,0,1,0,0,1,0,0,1,1,0,0,0
0,1,0,0,0,0,1,0,0,0,0,1,0,0,1,0,0,1,0,1,0,1
0,1,0,0,0,0,1,0,0,0,0,1,0,0,1,0,0,1,0,0,1,1
0,1,0,0,0,0,0,1,1,0,0,0,1,0,0,1,0,0,1,0,0,0
0,1,0,0,0,0,0,1,1,0,0,0,1,0,0,1,0,0,0,1,0,0
0,1,0,0,0,0,0,1,1,0,0,0,1,0,0,1,0,0,0,0,1,0
0,1,0,0,0,0,0,1,1,0,0,0,1,0,0,0,1,0,1,0,0,0
0,1,0,0,0,0,0,1,1,0,0,0,1,0,0,0,1,0,0,1,0,0
0,1,0,0,0,0,0,1,1,0,0,0,1,0,0,0,1,0,0,0,1,0
0,1,0,0,0,0,0,1,1,0,0,0,1,0,0,0,0,1,1,0,0,0
0,1,0,0,0,0,0,1,1,0,0,0,1,0,0,0,0,1,0,1,0,0
0,1,0,0,0,0,0,1,1,0,0,0,1,0,0,0,0,1,0,0,1,0
0,1,0,0,0,0,0,1,1,0,0,0,0,1,0,1,0,0,1,0,0,0
0,1,0,0,0,0,0,1,1,0,0,0,0,1,0,1,0,0,0,1,0,0
0,1,0,0,0,0,0,1,1,0,0,0,0,1,0,1,0,0,0,0,1,1
0,1,0,0,0,0,0,1,1,0,0,0,0,1,0,0,1,0,1,0,0,0
0,1,0,0,0,0,0,1,1,0,0,0,0,1,0,0,1,0,0,1,0,0
0,1,0,0,0,0,0,1,1,0,0,0,0,1,0,0,1,0,0,0,1,1
0,1,0,0,0,0,0,1,1,0,0,0,0,1,0,0,0,1,1,0,0,0
0,1,0,0,0,0,0,1,1,0,0,0,0,1,0,0,0,1,0,1,0,1
0,1,0,0,0,0,0,1,1,0,0,0,0,1,0,0,0,1,0,0,1,1
0,1,0,0,0,0,0,1,1,0,0,0,0,0,1,1,0,0,1,0,0,0
0,1,0,0,0,0,0,1,1,0,0,0,0,0,1,1,0,0,0,1,0,0
0,1,0,0,0,0,0,1,1,0,0,0,0,0,1,1,0,0,0,0,1,0
0,1,0,0,0,0,0,1,1,0,0,0,0,0,1,0,1,0,1,0,0,0
0,1,0,0,0,0,0,1,1,0,0,0,0,0,1,0,1,0,0,1,0,0
0,1,0,0,0,0,0,1,1,0,0,0,0,0,1,0,1,0,0,0,1,1
0,1,0,0,0,0,0,1,1,0,0,0,0,0,1,0,0,1,1,0,0,0
0,1,0,0,0,0,0,1,1,0,0,0,0,0,1,0,0,1,0,1,0,1
0,1,0,0,0,0,0,1,1,0,0,0,0,0,1,0,0,1,0,0,1,1
0,1,0,0,0,0,0,1,0,1,0,0,1,0,0,1,0,0,1,0,0,0
0,1,0,0,0,0,0,1,0,1,0,0,1,0,0,1,0,0,0,1,0,0
0,1,0,0,0,0,0,1,0,1,0,0,1,0,0,1,0,0,0,0,1,0
0,1,0,0,0,0,0,1,0,1,0,0,1,0,0,0,1,0,1,0,0,0
0,1,0,0,0,0,0,1,0,1,0,0,1,0,0,0,1,0,0,1,0,0
0,1,0,0,0,0,0,1,0,1,0,0,1,0,0,0,1,0,0,0,1,0
0,1,0,0,0,0,0,1,0,1,0,0,1,0,0,0,0,1,1,0,0,0
0,1,0,0,0,0,0,1,0,1,0,0,1,0,0,0,0,1,0,1,0,0
0,1,0,0,0,0,0,1,0,1,0,0,1,0,0,0,0,1,0,0,1,0
0,1,0,0,0,0,0,1,0,1,0,0,0,1,0,1,0,0,1,0,0,0
0,1,0,0,0,0,0,1,0,1,0,0,0,1,0,1,0,0,0,1,0,0
0,1,0,0,0,0,0,1,0,1,0,0,0,1,0,1,0,0,0,0,1,1
0,1,0,0,0,0,0,1,0,1,0,0,0,1,0,0,1,0,1,0,0,0
0,1,0,0,0,0,0,1,0,1,0,0,0,1,0,0,1,0,0,1,0,0
0,1,0,0,0,0,0,1,0,1,0,0,0,1,0,0,1,0,0,0,1,1
0,1,0,0,0,0,0,1,0,1,0,0,0,1,0,0,0,1,1,0,0,0
0,1,0,0,0,0,0,1,0,1,0,0,0,1,0,0,0,1,0,1,0,1
0,1,0,0,0,0,0,1,0,1,0,0,0,1,0,0,0,1,0,0,1,1
0,1,0,0,0,0,0,1,0,1,0,0,0,0,1,1,0,0,1,0,0,0
0,1,0,0,0,0,0,1,0,1,0,0,0,0,1,1,0,0,0,1,0,0
0,1,0,0,0,0,0,1,0,1,0,0,0,0,1,1,0,0,0,0,1,1
0,1,0,0,0,0,0,1,0,1,0,0,0,0,1,0,1,0,1,0,0,0
0,1,0,0,0,0,0,1,0,1,0,0,0,0,1,0,1,0,0,1,0,1
0,1,0,0,0,0,0,1,0,1,0,0,0,0,1,0,1,0,0,0,1,1
0,1,0,0,0,0,0,1,0,1,0,0,0,0,1,0,0,1,1,0,0,0
0,1,0,0,0,0,0,1,0,1,0,0,0,0,1,0,0,1,0,1,0,1
0,1,0,0,0,0,0,1,0,1,0,0,0,0,1,0,0,1,0,0,1,1
0,1,0,0,0,0,0,1,0,0,1,0,1,0,0,1,0,0,1,0,0,0
0,1,0,0,0,0,0,1,0,0,1,0,1,0,0,1,0,0,0,1,0,0
0,1,0,0,0,0,0,1,0,0,1,0,1,0,0,1,0,0,0,0,1,0
0,1,0,0,0,0,0,1,0,0,1,0,1,0,0,0,1,0,1,0,0,0
0,1,0,0,0,0,0,1,0,0,1,0,1,0,0,0,1,0,0,1,0,0
0,1,0,0,0,0,0,1,0,0,1,0,1,0,0,0,1,0,0,0,1,0
0,1,0,0,0,0,0,1,0,0,1,0,1,0,0,0,0,1,1,0,0,0
0,1,0,0,0,0,0,1,0,0,1,0,1,0,0,0,0,1,0,1,0,0
0,1,0,0,0,0,0,1,0,0,1,0,1,0,0,0,0,1,0,0,1,0
0,1,0,0,0,0,0,1,0,0,1,0,0,1,0,1,0,0,1,0,0,0
0,1,0,0,0,0,0,1,0,0,1,0,0,1,0,1,0,0,0,1,0,0
0,1,0,0,0,0,0,1,0,0,1,0,0,1,0,1,0,0,0,0,1,1
0,1,0,0,0,0,0,1,0,0,1,0,0,1,0,0,1,0,1,0,0,0
0,1,0,0,0,0,0,1,0,0,1,0,0,1,0,0,1,0,0,1,0,1
0,1,0,0,0,0,0,1,0,0,1,0,0,1,0,0,1,0,0,0,1,1
0,1,0,0,0,0,0,1,0,0,1,0,0,1,0,0,0,1,1,0,0,0
0,1,0,0,0,0,0,1,0,0,1,0,0,1,0,0,0,1,0,1,0,1
0,1,0,0,0,0,0,1,0,0,1,0,0,1,0,0,0,1,0,0,1,1
0,1,0,0,0,0,0,1,0,0,1,0,0,0,1,1,0,0,1,0,0,0
0,1,0,0,0,0,0,1,0,0,1,0,0,0,1,1,0,0,0,1,0,0
0,1,0,0,0,0,0,1,0,0,1,0,0,0,1,1,0,0,0,0,1,1
0,1,0,0,0,0,0,1,0,0,1,0,0,0,1,0,1,0,1,0,0,0
0,1,0,0,0,0,0,1,0,0,1,0,0,0,1,0,1,0,0,1,0,1
0,1,0,0,0,0,0,1,0,0,1,0,0,0,1,0,1,0,0,0,1,1
0,1,0,0,0,0,0,1,0,0,1,0,0,0,1,0,0,1,1,0,0,0
0,1,0,0,0,0,0,1,0,0,1,0,0,0,1,0,0,1,0,1,0,1
0,1,0,0,0,0,0,1,0,0,1,0,0,0,1,0,0,1,0,0,1,1
0,1,0,0,0,0,0,1,0,0,0,1,1,0,0,1,0,0,1,0,0,0
0,0,1,0,1,0,0,0,1,0,0,0,0,0,1,0,0,1,0,1,0,1
0,0,1,0,1,0,0,0,1,0,0,0,0,0,1,0,0,1,0,0,1,1
0,0,1,0,1,0,0,0,0,1,0,0,1,0,0,1,0,0,1,0,0,0
0,0,1,0,1,0,0,0,0,1,0,0,1,0,0,1,0,0,0,1,0,0
0,0,1,0,1,0,0,0,0,1,0,0,1,0,0,1,0,0,0,0,1,0
0,0,1,0,1,0,0,0,0,1,0,0,1,0,0,0,1,0,1,0,0,0
0,0,1,0,1,0,0,0,0,1,0,0,1,0,0,0,1,0,0,1,0,0
0,0,1,0,1,0,0,0,0,1,0,0,1,0,0,0,1,0,0,0,1,0
0,0,1,0,1,0,0,0,0,1,0,0,1,0,0,0,0,1,1,0,0,0
0,0,1,0,1,0,0,0,0,1,0,0,1,0,0,0,0,1,0,1,0,0
0,0,1,0,1,0,0,0,0,1,0,0,1,0,0,0,0,1,0,0,1,0
0,0,1,0,1,0,0,0,0,1,0,0,0,1,0,1,0,0,1,0,0,0
0,0,1,0,1,0,0,0,0,1,0,0,0,1,0,1,0,0,0,1,0,0
0,0,1,0,1,0,0,0,0,1,0,0,0,1,0,1,0,0,0,0,1,1
0,0,1,0,1,0,0,0,0,1,0,0,0,1,0,0,1,0,1,0,0,0
0,0,1,0,1,0,0,0,0,1,0,0,0,1,0,0,1,0,0,1,0,0
0,0,1,0,1,0,0,0,0,1,0,0,0,1,0,0,1,0,0,0,1,1
0,0,1,0,1,0,0,0,0,1,0,0,0,1,0,0,0,1,1,0,0,0
0,0,1,0,1,0,0,0,0,1,0,0,0,1,0,0,0,1,0,1,0,1
0,0,1,0,1,0,0,0,0,1,0,0,0,1,0,0,0,1,0,0,1,1
0,0,1,0,1,0,0,0,0,1,0,0,0,0,1,1,0,0,1,0,0,0
0,0,1,0,1,0,0,0,0,1,0,0,0,0,1,1,0,0,0,1,0,0
0,0,1,0,1,0,0,0,0,1,0,0,0,0,1,1,0,0,0,0,1,1
0,0,1,0,1,0,0,0,0,1,0,0,0,0,1,0,1,0,1,0,0,0
0,0,1,0,1,0,0,0,0,1,0,0,0,0,1,0,1,0,0,1,0,1
0,0,1,0,1,0,0,0,0,1,0,0,0,0,1,0,1,0,0,0,1,1
0,0,1,0,1,0,0,0,0,1,0,0,0,0,1,0,0,1,1,0,0,0
0,0,1,0,1,0,0,0,0,1,0,0,0,0,1,0,0,1,0,1,0,1
0,0,1,0,1,0,0,0,0,1,0,0,0,0,1,0,0,1,0,0,1,1
0,0,1,0,1,0,0,0,0,0,1,0,1,0,0,1,0,0,1,0,0,0
0,0,1,0,1,0,0,0,0,0,1,0,1,0,0,1,0,0,0,1,0,0
0,0,1,0,1,0,0,0,0,0,1,0,1,0,0,1,0,0,0,0,1,0
0,0,1,0,1,0,0,0,0,0,1,0,1,0,0,0,1,0,1,0,0,0
0,0,1,0,1,0,0,0,0,0,1,0,1,0,0,0,1,0,0,1,0,0
0,0,1,0,1,0,0,0,0,0,1,0,1,0,0,0,1,0,0,0,1,0
0,0,1,0,1,0,0,0,0,0,1,0,1,0,0,0,0,1,1,0,0,0
0,0,1,0,1,0,0,0,0,0,1,0,1,0,0,0,0,1,0,1,0,0
0,0,1,0,1,0,0,0,0,0,1,0,1,0,0,0,0,1,0,0,1,0
0,0,1,0,1,0,0,0,0,0,1,0,0,1,0,1,0,0,1,0,0,0
0,0,1,0,1,0,0,0,0,0,1,0,0,1,0,1,0,0,0,1,0,0
0,0,1,0,1,0,0,0,0,0,1,0,0,1,0,1,0,0,0,0,1,1
0,0,1,0,1,0,0,0,0,0,1,0,0,1,0,0,1,0,1,0,0,0
0,0,1,0,1,0,0,0,0,0,1,0,0,1,0,0,1,0,0,1,0,1
0,0,1,0,1,0,0,0,0,0,1,0,0,1,0,0,1,0,0,0,1,1
0,0,1,0,1,0,0,0,0,0,1,0,0,1,0,0,0,1,1,0,0,0
0,0,1,0,1,0,0,0,0,0,1,0,0,1,0,0,0,1,0,1,0,1
0,0,1,0,1,0,0,0,0,0,1,0,0,1,0,0,0,1,0,0,1,1
0,0,1,0,1,0,0,0,0,0,1,0,0,0,1,1,0,0,1,0,0,0
0,0,1,0,1,0,0,0,0,0,1,0,0,0,1,1,0,0,0,1,0,0
0,0,1,0,1,0,0,0,0,0,1,0,0,0,1,1,0,0,0,0,1,1
0,0,1,0,1,0,0,0,0,0,1,0,0,0,1,0,1,0,1,0,0,0
0,0,1,0,1,0,0,0,0,0,1,0,0,0,1,0,1,0,0,1,0,1
0,0,1,0,1,0,0,0,0,0,1,0,0,0,1,0,1,0,0,0,1,1
0,0,1,0,1,0,0,0,0,0,1,0,0,0,1,0,0,1,1,0,0,0
0,0,1,0,1,0,0,0,0,0,1,0,0,0,1,0,0,1,0,1,0,1
0,0,1,0,1,0,0,0,0,0,1,0,0,0,1,0,0,1,0,0,1,1
0,0,1,0,1,0,0,0,0,0,0,1,1,0,0,1,0,0,1,0,0,0
0,0,1,0,1,0,0,0,0,0,0,1,1,0,0,1,0,0,0,1,0,0
0,0,1,0,1,0,0,0,0,0,0,1,1,0,0,1,0,0,0,0,1,0
0,0,1,0,1,0,0,0,0,0,0,1,1,0,0,0,1,0,1,0,0,0
0,0,1,0,1,0,0,0,0,0,0,1,1,0,0,0,1,0,0,1,0,0
0,0,1,0,1,0,0,0,0,0,0,1,1,0,0,0,1,0,0,0,1,0
0,0,1,0,1,0,0,0,0,0,0,1,1,0,0,0,0,1,1,0,0,0
0,0,1,0,1,0,0,0,0,0,0,1,1,0,0,0,0,1,0,1,0,0
0,0,1,0,1,0,0,0,0,0,0,1,1,0,0,0,0,1,0,0,1,0
0,0,1,0,1,0,0,0,0,0,0,1,0,1,0,1,0,0,1,0,0,0
0,0,1,0,1,0,0,0,0,0,0,1,0,1,0,1,0,0,0,1,0,0
0,0,1,0,1,0,0,0,0,0,0,1,0,1,0,1,0,0,0,0,1,1
0,0,1,0,1,0,0,0,0,0,0,1,0,1,0,0,1,0,1,0,0,0
0,0,1,0,1,0,0,0,0,0,0,1,0,1,0,0,1,0,0,1,0,1
0,0,1,0,1,0,0,0,0,0,0,1,0,1,0,0,1,0,0,0,1,1
0,0,1,0,1,0,0,0,0,0,0,1,0,1,0,0,0,1,1,0,0,0
0,0,1,0,1,0,0,0,0,0,0,1,0,1,0,0,0,1,0,1,0,1
0,0,1,0,1,0,0,0,0,0,0,1,0,1,0,0,0,1,0,0,1,1
0,0,1,0,1,0,0,0,0,0,0,1,0,0,1,1,0,0,1,0,0,0
0,0,1,0,1,0,0,0,0,0,0,1,0,0,1,1,0,0,0,1,0,0
0,0,1,0,1,0,0,0,0,0,0,1,0,0,1,1,0,0,0,0,1,1
0,0,1,0,1,0,0,0,0,0,0,1,0,0,1,0,1,0,1,0,0,0
0,0,1,0,1,0,0,0,0,0,0,1,0,0,1,0,1,0,0,1,0,1
0,0,1,0,1,0,0,0,0,0,0,1,0,0,1,0,1,0,0,0,1,1
0,0,1,0,1,0,0,0,0,0,0,1,0,0,1,0,0,1,1,0,0,0
0,0,1,0,1,0,0,0,0,0,0,1,0,0,1,0,0,1,0,1,0,1
0,0,1,0,1,0,0,0,0,0,0,1,0,0,1,0,0,1,0,0,1,1
0,0,1,0,0,1,0,0,1,0,0,0,1,0,0,1,0,0,1,0,0,0
0,0,1,0,0,1,0,0,1,0,0,0,1,0,0,1,0,0,0,1,0,0
0,0,1,0,0,1,0,0,1,0,0,0,1,0,0,1,0,0,0,0,1,0
0,0,1,0,0,1,0,0,1,0,0,0,1,0,0,0,1,0,1,0,0,0
0,0,1,0,0,1,0,0,1,0,0,0,1,0,0,0,1,0,0,1,0,0
0,0,1,0,0,1,0,0,1,0,0,0,1,0,0,0,1,0,0,0,1,0
0,0,1,0,0,1,0,0,1,0,0,0,1,0,0,0,0,1,1,0,0,0
0,0,1,0,0,1,0,0,1,0,0,0,1,0,0,0,0,1,0,1,0,0
0,0,1,0,0,1,0,0,1,0,0,0,1,0,0,0,0,1,0,0,1,0
0,0,1,0,0,1,0,0,1,0,0,0,0,1,0,1,0,0,1,0,0,0
0,0,1,0,0,1,0,0,1,0,0,0,0,1,0,1,0,0,0,1,0,0
0,0,1,0,0,1,0,0,1,0,0,0,0,1,0,1,0,0,0,0,1,1
0,0,1,0,0,1,0,0,1,0,0,0,0,1,0,0,1,0,1,0,0,0
0,0,1,0,0,1,0,0,1,0,0,0,0,1,0,0,1,0,0,1,0,0
0,0,1,0,0,1,0,0,1,0,0,0,0,1,0,0,1,0,0,0,1,1
0,0,1,0,0,1,0,0,1,0,0,0,0,1,0,0,0,1,1,0,0,0
0,0,1,0,0,1,0,0,1,0,0,0,0,1,0,0,0,1,0,1,0,1
0,0,1,0,0,1,0,0,1,0,0,0,0,1,0,0,0,1,0,0,1,1
0,0,1,0,0,1,0,0,0,0,1,0,0,1,0,0,0,1,1,0,0,0
0,0,1,0,0,1,0,0,0,0,1,0,0,1,0,0,0,1,0,1,0,1
0,0,1,0,0,1,0,0,0,0,1,0,0,1,0,0,0,1,0,0,1,1
0,0,1,0,0,1,0,0,0,0,1,0,0,0,1,1,0,0,1,0,0,0
0,0,1,0,0,1,0,0,0,0,1,0,0,0,1,1,0,0,0,1,0,0
0,0,1,0,0,1,0,0,0,0,1,0,0,0,1,1,0,0,0,0,1,1
0,0,1,0,0,1,0,0,0,0,1,0,0,0,1,0,1,0,1,0,0,0
0,0,1,0,0,1,0,0,0,0,1,0,0,0,1,0,1,0,0,1,0,1
0,0,1,0,0,1,0,0,0,0,1,0,0,0,1,0,1,0,0,0,1,1
0,0,1,0,0,1,0,0,0,0,1,0,0,0,1,0,0,1,1,0,0,0
0,0,1,0,0,1,0,0,0,0,1,0,0,0,1,0,0,1,0,1,0,1
0,0,1,0,0,1,0,0,0,0,1,0,0,0,1,0,0,1,0,0,1,1
0,0,1,0,0,1,0,0,0,0,0,1,1,0,0,1,0,0,1,0,0,0
0,0,1,0,0,1,0,0,0,0,0,1,1,0,0,1,0,0,0,1,0,0
0,0,1,0,0,1,0,0,0,0,0,1,1,0,0,1,0,0,0,0,1,0
0,0,1,0,0,1,0,0,0,0,0,1,1,0,0,0,1,0,1,0,0,0
0,0,1,0,0,1,0,0,0,0,0,1,1,0,0,0,1,0,0,1,0,0
0,0,1,0,0,1,0,0,0,0,0,1,1,0,0,0,1,0,0,0,1,0
0,0,1,0,0,1,0,0,0,0,0,1,1,0,0,0,0,1,1,0,0,0
0,0,1,0,0,1,0,0,0,0,0,1,1,0,0,0,0,1,0,1,0,0
0,0,1,0,0,1,0,0,0,0,0,1,1,0,0,0,0,1,0,0,1,0
0,0,1,0,0,1,0,0,0,0,0,1,0,1,0,1,0,0,1,0,0,0
0,0,1,0,0,1,0,0,0,0,0,1,0,1,0,1,0,0,0,1,0,0
0,0,1,0,0,1,0,0,0,0,0,1,0,1,0,1,0,0,0,0,1,1
0,0,1,0,0,1,0,0,0,0,0,1,0,1,0,0,1,0,1,0,0,0
0,0,1,0,0,1,0,0,0,0,0,1,0,1,0,0,1,0,0,1,0,1
0,0,1,0,0,1,0,0,0,0,0,1,0,1,0,0,1,0,0,0,1,1
0,0,1,0,0,1,0,0,0,0,0,1,0,1,0,0,0,1,1,0,0,0
0,0,1,0,0,1,0,0,0,0,0,1,0,1,0,0,0,1,0,1,0,1
0,0,1,0,0,1,0,0,0,0,0,1,0,1,0,0,0,1,0,0,1,1
0,0,1,0,0,1,0,0,0,0,0,1,0,0,1,1,0,0,1,0,0,0
0,0,1,0,0,1,0,0,0,0,0,1,0,0,1,1,0,0,0,1,0,0
0,0,1,0,0,1,0,0,0,0,0,1,0,0,1,1,0,0,0,0,1,1
0,0,1,0,0,1,0,0,0,0,0,1,0,0,1,0,1,0,1,0,0,0
0,0,1,0,0,1,0,0,0,0,0,1,0,0,1,0,1,0,0,1,0,1
0,0,1,0,0,1,0,0,0,0,0,1,0,0,1,0,1,0,0,0,1,1
0,0,1,0,0,1,0,0,0,0,0,1,0,0,1,0,0,1,1,0,0,0
0,0,1,0,0,1,0,0,0,0,0,1,0,0,1,0,0,1,0,1,0,1
0,0,1,0,0,1,0,0,0,0,0,1,0,0,1,0,0,1,0,0,1,1
0,0,1,0,0,0,1,0,1,0,0,0,1,0,0,1,0,0,1,0,0,0
0,0,1,0,0,0,1,0,1,0,0,0,1,0,0,1,0,0,0,1,0,0
0,0,1,0,0,0,1,0,1,0,0,0,1,0,0,1,0,0,0,0,1,0
0,0,1,0,0,0,1,0,1,0,0,0,1,0,0,0,1,0,1,0,0,0
0,0,1,0,0,0,1,0,1,0,0,0,1,0,0,0,1,0,0,1,0,0
0,0,1,0,0,0,1,0,1,0,0,0,1,0,0,0,1,0,0,0,1,0
0,0,1,0,0,0,1,0,1,0,0,0,1,0,0,0,0,1,1,0,0,0
0,0,1,0,0,0,1,0,1,0,0,0,1,0,0,0,0,1,0,1,0,0
0,0,1,0,0,0,1,0,1,0,0,0,1,0,0,0,0,1,0,0,1,0
0,0,1,0,0,0,1,0,1,0,0,0,0,1,0,1,0,0,1,0,0,0
0,0,1,0,0,0,1,0,1,0,0,0,0,1,0,1,0,0,0,1,0,1
0,0,1,0,0,0,1,0,1,0,0,0,0,1,0,1,0,0,0,0,1,1
0,0,1,0,0,0,1,0,1,0,0,0,0,1,0,0,1,0,1,0,0,0
0,0,1,0,0,0,1,0,1,0,0,0,0,1,0,0,1,0,0,1,0,1
0,0,1,0,0,0,1,0,1,0,0,0,0,1,0,0,1,0,0,0,1,1
0,0,1,0,0,0,1,0,1,0,0,0,0,1,0,0,0,1,1,0,0,0
0,0,1,0,0,0,1,0,1,0,0,0,0,1,0,0,0,1,0,1,0,1
0,0,1,0,0,0,1,0,1,0,0,0,0,1,0,0,0,1,0,0,1,1
0,0,1,0,0,0,1,0,1,0,0,0,0,0,1,1,0,0,1,0,0,0
0,0,1,0,0,0,1,0,1,0,0,0,0,0,1,1,0,0,0,1,0,0
0,0,1,0,0,0,1,0,1,0,0,0,0,0,1,1,0,0,0,0,1,0
0,0,1,0,0,0,1,0,1,0,0,0,0,0,1,0,1,0,1,0,0,0
0,0,1,0,0,0,1,0,1,0,0,0,0,0,1,0,1,0,0,1,0,1
0,0,1,0,0,0,1,0,1,0,0,0,0,0,1,0,1,0,0,0,1,1
0,0,1,0,0,0,1,0,1,0,0,0,0,0,1,0,0,1,1,0,0,0
0,0,1,0,0,0,1,0,1,0,0,0,0,0,1,0,0,1,0,1,0,1
0,0,1,0,0,0,1,0,1,0,0,0,0,0,1,0,0,1,0,0,1,1
0,0,1,0,0,0,1,0,0,1,0,0,1,0,0,1,0,0,1,0,0,0
0,0,1,0,0,0,1,0,0,1,0,0,1,0,0,1,0,0,0,1,0,0
0,0,1,0,0,0,1,0,0,1,0,0,1,0,0,1,0,0,0,0,1,0
0,0,1,0,0,0,1,0,0,1,0,0,1,0,0,0,1,0,1,0,0,0
0,0,1,0,0,0,1,0,0,1,0,0,1,0,0,0,1,0,0,1,0,0
0,0,1,0,0,0,1,0,0,1,0,0,1,0,0,0,1,0,0,0,1,0
0,0,1,0,0,0,1,0,0,1,0,0,1,0,0,0,0,1,1,0,0,0
0,0,1,0,0,0,1,0,0,1,0,0,1,0,0,0,0,1,0,1,0,0
0,0,1,0,0,0,1,0,0,1,0,0,1,0,0,0,0,1,0,0,1,0
0,0,1,0,0,0,1,0,0,1,0,0,0,1,0,1,0,0,1,0,0,0
0,0,1,0,0,0,1,0,0,1,0,0,0,1,0,1,0,0,0,1,0,1
0,0,1,0,0,0,1,0,0,1,0,0,0,1,0,1,0,0,0,0,1,1
0,0,1,0,0,0,1,0,0,1,0,0,0,1,0,0,1,0,1,0,0,0
0,0,1,0,0,0,1,0,0,1,0,0,0,1,0,0,1,0,0,1,0,1
0,0,1,0,0,0,1,0,0,1,0,0,0,1,0,0,1,0,0,0,1,1
0,0,1,0,0,0,1,0,0,1,0,0,0,1,0,0,0,1,1,0,0,0
0,0,1,0,0,0,1,0,0,1,0,0,0,1,0,0,0,1,0,1,0,1
0,0,1,0,0,0,1,0,0,1,0,0,0,1,0,0,0,1,0,0,1,1
0,0,1,0,0,0,1,0,0,1,0,0,0,0,1,1,0,0,1,0,0,0
0,0,1,0,0,0,1,0,0,1,0,0,0,0,1,1,0,0,0,1,0,1
0,0,1,0,0,0,1,0,0,1,0,0,0,0,1,1,0,0,0,0,1,1
0,0,1,0,0,0,1,0,0,1,0,0,0,0,1,0,1,0,1,0,0,0
0,0,1,0,0,0,1,0,0,1,0,0,0,0,1,0,1,0,0,1,0,1
0,0,1,0,0,0,1,0,0,1,0,0,0,0,1,0,1,0,0,0,1,1
0,0,1,0,0,0,1,0,0,1,0,0,0,0,1,0,0,1,1,0,0,0
0,0,1,0,0,0,1,0,0,1,0,0,0,0,1,0,0,1,0,1,0,1
0,0,1,0,0,0,1,0,0,1,0,0,0,0,1,0,0,1,0,0,1,1
0,0,1,0,0,0,1,0,0,0,1,0,1,0,0,1,0,0,1,0,0,0
0,0,1,0,0,0,1,0,0,0,1,0,1,0,0,1,0,0,0,1,0,0
0,0,1,0,0,0,1,0,0,0,1,0,1,0,0,1,0,0,0,0,1,0
0,0,1,0,0,0,1,0,0,0,1,0,1,0,0,0,1,0,1,0,0,0
0,0,1,0,0,0,1,0,0,0,1,0,1,0,0,0,1,0,0,1,0,0
0,0,1,0,0,0,1,0,0,0,1,0,1,0,0,0,1,0,0,0,1,0
0,0,1,0,0,0,1,0,0,0,1,0,1,0,0,0,0,1,1,0,0,0
0,0,1,0,0,0,1,0,0,0,1,0,1,0,0,0,0,1,0,1,0,0
0,0,1,0,0,0,1,0,0,0,1,0,1,0,0,0,0,1,0,0,1,0
0,0,1,0,0,0,1,0,0,0,1,0,0,1,0,1,0,0,1,0,0,0
0,0,1,0,0,0,1,0,0,0,1,0,0,1,0,1,0,0,0,1,0,1
0,0,1,0,0,0,1,0,0,0,1,0,0,1,0,1,0,0,0,0,1,1
0,0,1,0,0,0,1,0,0,0,1,0,0,1,0,0,1,0,1,0,0,0
0,0,1,0,0,0,1,0,0,0,1,0,0,1,0,0,1,0,0,1,0,1
0,0,1,0,0,0,1,0,0,0,1,0,0,1,0,0,1,0,0,0,1,1
0,0,1,0,0,0,1,0,0,0,1,0,0,1,0,0,0,1,1,0,0,0
0,0,1,0,0,0,1,0,0,0,1,0,0,1,0,0,0,1,0,1,0,1
0,0,1,0,0,0,1,0,0,0,1,0,0,1,0,0,0,1,0,0,1,1
0,0,1,0,0,0,1,0,0,0,1,0,0,0,1,1,0,0,1,0,0,0
0,0,1,0,0,0,1,0,0,0,1,0,0,0,1,1,0,0,0,1,0,1
0,0,1,0,0,0,1,0,0,0,1,0,0,0,1,1,0,0,0,0,1,1
0,0,1,0,0,0,1,0,0,0,1,0,0,0,1,0,1,0,1,0,0,0
0,0,1,0,0,0,1,0,0,0,1,0,0,0,1,0,1,0,0,1,0,1
0,0,1,0,0,0,1,0,0,0,1,0,0,0,1,0,1,0,0,0,1,1
0,0,1,0,0,0,1,0,0,0,1,0,0,0,1,0,0,1,1,0,0,0
0,0,1,0,0,0,1,0,0,0,1,0,0,0,1,0,0,1,0,1,0,1
0,0,1,0,0,0,1,0,0,0,1,0,0,0,1,0,0,1,0,0,1,1
0,0,1,0,0,0,1,0,0,0,0,1,1,0,0,1,0,0,1,0,0,0
0,0,1,0,0,0,1,0,0,0,0,1,1,0,0,1,0,0,0,1,0,0
0,0,1,0,0,0,1,0,0,0,0,1,1,0,0,1,0,0,0,0,1,0
0,0,1,0,0,0,1,0,0,0,0,1,1,0,0,0,1,0,1,0,0,0
0,0,1,0,0,0,1,0,0,0,0,1,1,0,0,0,1,0,0,1,0,0
0,0,1,0,0,0,1,0,0,0,0,1,1,0,0,0,1,0,0,0,1,0
0,0,1,0,0,0,1,0,0,0,0,1,1,0,0,0,0,1,1,0,0,0
0,0,1,0,0,0,1,0,0,0,0,1,1,0,0,0,0,1,0,1,0,0
0,0,1,0,0,0,1,0,0,0,0,1,1,0,0,0,0,1,0,0,1,0
0,0,1,0,0,0,1,0,0,0,0,1,0,1,0,1,0,0,1,0,0,0
0,0,1,0,0,0,1,0,0,0,0,1,0,1,0,1,0,0,0,1,0,1
0,0,1,0,0,0,1,0,0,0,0,1,0,1,0,1,0,0,0,0,1,1
0,0,1,0,0,0,1,0,0,0,0,1,0,1,0,0,1,0,1,0,0,0
0,0,1,0,0,0,1,0,0,0,0,1,0,1,0,0,1,0,0,1,0,1
0,0,1,0,0,0,1,0,0,0,0,1,0,1,0,0,1,0,0,0,1,1
0,0,1,0,0,0,1,0,0,0,0,1,0,1,0,0,0,1,1,0,0,0
0,0,1,0,0,0,1,0,0,0,0,1,0,1,0,0,0,1,0,1,0,1
0,0,1,0,0,0,1,0,0,0,0,1,0,1,0,0,0,1,0,0,1,1
0,0,1,0,0,0,1,0,0,0,0,1,0,0,1,1,0,0,1,0,0,0
0,0,1,0,0,0,1,0,0,0,0,1,0,0,1,1,0,0,0,1,0,1
0,0,1,0,0,0,1,0,0,0,0,1,0,0,1,1,0,0,0,0,1,1
0,0,1,0,0,0,1,0,0,0,0,1,0,0,1,0,1,0,1,0,0,0
0,0,1,0,0,0,1,0,0,0,0,1,0,0,1,0,1,0,0,1,0,1
0,0,1,0,0,0,1,0,0,0,0,1,0,0,1,0,1,0,0,0,1,1
0,0,1,0,0,0,1,0,0,0,0,1,0,0,1,0,0,1,1,0,0,0
0,0,1,0,0,0,1,0,0,0,0,1,0,0,1,0,0,1,0,1,0,1
0,0,1,0,0,0,1,0,0,0,0,1,0,0,1,0,0,1,0,0,1,1
0,0,1,0,0,0,0,1,1,0,0,0,1,0,0,1,0,0,1,0,0,0
0,0,1,0,0,0,0,1,1,0,0,0,1,0,0,1,0,0,0,1,0,0
0,0,1,0,0,0,0,1,1,0,0,0,1,0,0,1,0,0,0,0,1,0
0,0,1,0,0,0,0,1,1,0,0,0,1,0,0,0,1,0,1,0,0,0
0,0,1,0,0,0,0,1,1,0,0,0,1,0,0,0,1,0,0,1,0,0
0,0,1,0,0,0,0,1,1,0,0,0,1,0,0,0,1,0,0,0,1,0
0,0,1,0,0,0,0,1,1,0,0,0,1,0,0,0,0,1,1,0,0,0
0,0,1,0,0,0,0,1,1,0,0,0,1,0,0,0,0,1,0,1,0,0
0,0,1,0,0,0,0,1,1,0,0,0,1,0,0,0,0,1,0,0,1,0
0,0,1,0,0,0,0,1,1,0,0,0,0,1,0,1,0,0,1,0,0,0
0,0,1,0,0,0,0,1,1,0,0,0,0,1,0,1,0,0,0,1,0,1
0,0,1,0,0,0,0,1,1,0,0,0,0,1,0,1,0,0,0,0,1,1
0,0,1,0,0,0,0,1,1,0,0,0,0,1,0,0,1,0,1,0,0,0
0,0,1,0,0,0,0,1,1,0,0,0,0,1,0,0,1,0,0,1,0,1
0,0,1,0,0,0,0,1,1,0,0,0,0,1,0,0,1,0,0,0,1,1
0,0,1,0,0,0,0,1,1,0,0,0,0,1,0,0,0,1,1,0,0,0
0,0,1,0,0,0,0,1,1,0,0,0,0,1,0,0,0,1,0,1,0,1
0,0,1,0,0,0,0,1,1,0,0,0,0,1,0,0,0,1,0,0,1,1
0,0,1,0,0,0,0,1,1,0,0,0,0,0,1,1,0,0,1,0,0,0
0,0,1,0,0,0,0,1,1,0,0,0,0,0,1,1,0,0,0,1,0,0
0,0,1,0,0,0,0,1,1,0,0,0,0,0,1,1,0,0,0,0,1,0
0,0,1,0,0,0,0,1,1,0,0,0,0,0,1,0,1,0,1,0,0,0
0,0,1,0,0,0,0,1,1,0,0,0,0,0,1,0,1,0,0,1,0,1
0,0,1,0,0,0,0,1,1,0,0,0,0,0,1,0,1,0,0,0,1,1
0,0,1,0,0,0,0,1,1,0,0,0,0,0,1,0,0,1,1,0,0,0
0,0,1,0,0,0,0,1,1,0,0,0,0,0,1,0,0,1,0,1,0,1
0,0,1,0,0,0,0,1,1,0,0,0,0,0,1,0,0,1,0,0,1,1
0,0,1,0,0,0,0,1,0,1,0,0,1,0,0,1,0,0,1,0,0,0
0,0,1,0,0,0,0,1,0,1,0,0,1,0,0,1,0,0,0,1,0,0
0,0,1,0,0,0,0,1,0,1,0,0,1,0,0,1,0,0,0,0,1,0
0,0,1,0,0,0,0,1,0,1,0,0,1,0,0,0,1,0,1,0,0,0
0,0,1,0,0,0,0,1,0,1,0,0,1,0,0,0,1,0,0,1,0,0
0,0,1,0,0,0,0,1,0,1,0,0,1,0,0,0,1,0,0,0,1,0
0,0,1,0,0,0,0,1,0,1,0,0,1,0,0,0,0,1,1,0,0,0
0,0,1,0,0,0,0,1,0,1,0,0,1,0,0,0,0,1,0,1,0,0
0,0,1,0,0,0,0,1,0,1,0,0,1,0,0,0,0,1,0,0,1,0
0,0,1,0,0,0,0,1,0,1,0,0,0,1,0,1,0,0,1,0,0,0
0,0,1,0,0,0,0,1,0,1,0,0,0,1,0,1,0,0,0,1,0,1
0,0,1,0,0,0,0,1,0,1,0,0,0,1,0,1,0,0,0,0,1,1
0,0,1,0,0,0,0,1,0,1,0,0,0,1,0,0,1,0,1,0,0,0
0,0,1,0,0,0,0,1,0,1,0,0,0,1,0,0,1,0,0,1,0,1
0,0,1,0,0,0,0,1,0,1,0,0,0,1,0,0,1,0,0,0,1,1
0,0,1,0,0,0,0,1,0,1,0,0,0,1,0,0,0,1,1,0,0,0
0,0,1,0,0,0,0,1,0,1,0,0,0,1,0,0,0,1,0,1,0,1
0,0,1,0,0,0,0,1,0,1,0,0,0,1,0,0,0,1,0,0,1,1
0,0,1,0,0,0,0,1,0,1,0,0,0,0,1,1,0,0,1,0,0,0
0,0,1,0,0,0,0,1,0,1,0,0,0,0,1,1,0,0,0,1,0,1
0,0,1,0,0,0,0,1,0,1,0,0,0,0,1,1,0,0,0,0,1,1
0,0,1,0,0,0,0,1,0,1,0,0,0,0,1,0,1,0,1,0,0,0
0,0,1,0,0,0,0,1,0,1,0,0,0,0,1,0,1,0,0,1,0,1
0,0,1,0,0,0,0,1,0,1,0,0,0,0,1,0,1,0,0,0,1,1
0,0,1,0,0,0,0,1,0,1,0,0,0,0,1,0,0,1,1,0,0,0
0,0,1,0,0,0,0,1,0,1,0,0,0,0,1,0,0,1,0,1,0,1
0,0,1,0,0,0,0,1,0,1,0,0,0,0,1,0,0,1,0,0,1,1
0,0,1,0,0,0,0,1,0,0,1,0,1,0,0,1,0,0,1,0,0,0
0,0,1,0,0,0,0,1,0,0,1,0,1,0,0,1,0,0,0,1,0,0
0,0,1,0,0,0,0,1,0,0,1,0,1,0,0,1,0,0,0,0,1,0
0,0,1,0,0,0,0,1,0,0,1,0,1,0,0,0,1,0,1,0,0,0
0,0,1,0,0,0,0,1,0,0,1,0,1,0,0,0,1,0,0,1,0,0
0,0,1,0,0,0,0,1,0,0,1,0,1,0,0,0,1,0,0,0,1,0
0,0,1,0,0,0,0,1,0,0,1,0,1,0,0,0,0,1,1,0,0,0
0,0,1,0,0,0,0,1,0,0,1,0,1,0,0,0,0,1,0,1,0,0
0,0,1,0,0,0,0,1,0,0,1,0,1,0,0,0,0,1,0,0,1,0
0,0,1,0,0,0,0,1,0,0,1,0,0,1,0,1,0,0,1,0,0,0
0,0,1,0,0,0,0,1,0,0,1,0,0,1,0,1,0,0,0,1,0,1
0,0,1,0,0,0,0,1,0,0,1,0,0,1,0,1,0,0,0,0,1,1
0,0,1,0,0,0,0,1,0,0,1,0,0,1,0,0,1,0,1,0,0,0
0,0,1,0,0,0,0,1,0,0,1,0,0,1,0,0,1,0,0,1,0,1
0,0,1,0,0,0,0,1,0,0,1,0,0,1,0,0,1,0,0,0,1,1
0,0,1,0,0,0,0,1,0,0,1,0,0,1,0,0,0,1,1,0,0,0
0,0,1,0,0,0,0,1,0,0,1,0,0,1,0,0,0,1,0,1,0,1
0,0,1,0,0,0,0,1,0,0,1,0,0,1,0,0,0,1,0,0,1,1
0,0,1,0,0,0,0,1,0,0,1,0,0,0,1,1,0,0,1,0,0,0
0,0,1,0,0,0,0,1,0,0,1,0,0,0,1,1,0,0,0,1,0,1
0,0,1,0,0,0,0,1,0,0,1,0,0,0,1,1,0,0,0,0,1,1
0,0,1,0,0,0,0,1,0,0,1,0,0,0,1,0,1,0,1,0,0,0
0,0,1,0,0,0,0,1,0,0,1,0,0,0,1,0,1,0,0,1,0,1
0,0,1,0,0,0,0,1,0,0,1,0,0,0,1,0,1,0,0,0,1,1
0,0,1,0,0,0,0,1,0,0,1,0,0,0,1,0,0,1,1,0,0,0
0,0,0,1,1,0,0,0,1,0,0,0,1,0,0,1,0,0,0,0,1,0
0,0,0,1,1,0,0,0,1,0,0,0,1,0,0,0,1,0,1,0,0,0
0,0,0,1,1,0,0,0,1,0,0,0,1,0,0,0,1,0,0,1,0,0
0,0,0,1,1,0,0,0,1,0,0,0,1,0,0,0,1,0,0,0,1,0
0,0,0,1,1,0,0,0,1,0,0,0,1,0,0,0,0,1,1,0,0,0
0,0,0,1,1,0,0,0,1,0,0,0,1,0,0,0,0,1,0,1,0,0
0,0,0,1,1,0,0,0,1,0,0,0,1,0,0,0,0,1,0,0,1,0
0,0,0,1,1,0,0,0,1,0,0,0,0,1,0,1,0,0,1,0,0,0
0,0,0,1,1,0,0,0,1,0,0,0,0,1,0,1,0,0,0,1,0,0
0,0,0,1,1,0,0,0,1,0,0,0,0,1,0,1,0,0,0,0,1,1
0,0,0,1,1,0,0,0,1,0,0,0,0,1,0,0,1,0,1,0,0,0
0,0,0,1,1,0,0,0,1,0,0,0,0,1,0,0,1,0,0,1,0,0
0,0,0,1,1,0,0,0,1,0,0,0,0,1,0,0,1,0,0,0,1,1
0,0,0,1,1,0,0,0,1,0,0,0,0,1,0,0,0,1,1,0,0,0
0,0,0,1,1,0,0,0,1,0,0,0,0,1,0,0,0,1,0,1,0,1
0,0,0,1,1,0,0,0,1,0,0,0,0,1,0,0,0,1,0,0,1,1
0,0,0,1,1,0,0,0,1,0,0,0,0,0,1,1,0,0,1,0,0,0
0,0,0,1,1,0,0,0,1,0,0,0,0,0,1,1,0,0,0,1,0,0
0,0,0,1,1,0,0,0,1,0,0,0,0,0,1,1,0,0,0,0,1,0
0,0,0,1,1,0,0,0,1,0,0,0,0,0,1,0,1,0,1,0,0,0
0,0,0,1,1,0,0,0,1,0,0,0,0,0,1,0,1,0,0,1,0,0
0,0,0,1,1,0,0,0,1,0,0,0,0,0,1,0,1,0,0,0,1,1
0,0,0,1,1,0,0,0,1,0,0,0,0,0,1,0,0,1,1,0,0,0
0,0,0,1,1,0,0,0,1,0,0,0,0,0,1,0,0,1,0,1,0,1
0,0,0,1,1,0,0,0,1,0,0,0,0,0,1,0,0,1,0,0,1,1
0,0,0,1,1,0,0,0,0,1,0,0,1,0,0,1,0,0,1,0,0,0
0,0,0,1,1,0,0,0,0,1,0,0,1,0,0,1,0,0,0,1,0,0
0,0,0,1,1,0,0,0,0,1,0,0,1,0,0,1,0,0,0,0,1,0
0,0,0,1,1,0,0,0,0,1,0,0,1,0,0,0,1,0,1,0,0,0
0,0,0,1,1,0,0,0,0,1,0,0,1,0,0,0,1,0,0,1,0,0
0,0,0,1,1,0,0,0,0,1,0,0,1,0,0,0,1,0,0,0,1,0
0,0,0,1,1,0,0,0,0,1,0,0,1,0,0,0,0,1,1,0,0,0
0,0,0,1,1,0,0,0,0,1,0,0,1,0,0,0,0,1,0,1,0,0
0,0,0,1,1,0,0,0,0,1,0,0,1,0,0,0,0,1,0,0,1,0
0,0,0,1,1,0,0,0,0,1,0,0,0,1,0,1,0,0,1,0,0,0
0,0,0,1,1,0,0,0,0,1,0,0,0,1,0,1,0,0,0,1,0,0
0,0,0,1,1,0,0,0,0,1,0,0,0,1,0,1,0,0,0,0,1,1
0,0,0,1,1,0,0,0,0,1,0,0,0,1,0,0,1,0,1,0,0,0
0,0,0,1,1,0,0,0,0,1,0,0,0,1,0,0,1,0,0,1,0,0
0,0,0,1,1,0,0,0,0,1,0,0,0,1,0,0,1,0,0,0,1,1
0,0,0,1,1,0,0,0,0,1,0,0,0,1,0,0,0,1,1,0,0,0
0,0,0,1,1,0,0,0,0,1,0,0,0,1,0,0,0,1,0,1,0,1
0,0,0,1,1,0,0,0,0,1,0,0,0,1,0,0,0,1,0,0,1,1
0,0,0,1,1,0,0,0,0,1,0,0,0,0,1,1,0,0,1,0,0,0
0,0,0,1,1,0,0,0,0,1,0,0,0,0,1,1,0,0,0,1,0,0
0,0,0,1,1,0,0,0,0,1,0,0,0,0,1,1,0,0,0,0,1,1
0,0,0,1,1,0,0,0,0,1,0,0,0,0,1,0,1,0,1,0,0,0
0,0,0,1,1,0,0,0,0,1,0,0,0,0,1,0,1,0,0,1,0,1
0,0,0,1,1,0,0,0,0,1,0,0,0,0,1,0,1,0,0,0,1,1
0,0,0,1,1,0,0,0,0,1,0,0,0,0,1,0,0,1,1,0,0,0
0,0,0,1,1,0,0,0,0,1,0,0,0,0,1,0,0,1,0,1,0,1
0,0,0,1,1,0,0,0,0,1,0,0,0,0,1,0,0,1,0,0,1,1
0,0,0,1,1,0,0,0,0,0,1,0,1,0,0,1,0,0,1,0,0,0
0,0,0,1,1,0,0,0,0,0,1,0,1,0,0,1,0,0,0,1,0,0
0,0,0,1,1,0,0,0,0,0,1,0,1,0,0,1,0,0,0,0,1,0
0,0,0,1,1,0,0,0,0,0,1,0,1,0,0,0,1,0,1,0,0,0
0,0,0,1,1,0,0,0,0,0,1,0,1,0,0,0,1,0,0,1,0,0
0,0,0,1,1,0,0,0,0,0,1,0,1,0,0,0,1,0,0,0,1,0
0,0,0,1,1,0,0,0,0,0,1,0,1,0,0,0,0,1,1,0,0,0
0,0,0,1,1,0,0,0,0,0,1,0,1,0,0,0,0,1,0,1,0,0
0,0,0,1,1,0,0,0,0,0,1,0,1,0,0,0,0,1,0,0,1,0
0,0,0,1,1,0,0,0,0,0,1,0,0,1,0,1,0,0,1,0,0,0
0,0,0,1,1,0,0,0,0,0,1,0,0,1,0,1,0,0,0,1,0,0
0,0,0,1,1,0,0,0,0,0,1,0,0,1,0,1,0,0,0,0,1,1
0,0,0,1,1,0,0,0,0,0,1,0,0,1,0,0,1,0,1,0,0,0
0,0,0,1,1,0,0,0,0,0,1,0,0,1,0,0,1,0,0,1,0,1
0,0,0,1,1,0,0,0,0,0,1,0,0,1,0,0,1,0,0,0,1,1
0,0,0,1,1,0,0,0,0,0,1,0,0,1,0,0,0,1,1,0,0,0
0,0,0,1,1,0,0,0,0,0,1,0,0,1,0,0,0,1,0,1,0,1
0,0,0,1,1,0,0,0,0,0,1,0,0,1,0,0,0,1,0,0,1,1
0,0,0,1,1,0,0,0,0,0,1,0,0,0,1,1,0,0,1,0,0,0
0,0,0,1,1,0,0,0,0,0,1,0,0,0,1,1,0,0,0,1,0,0
0,0,0,1,1,0,0,0,0,0,1,0,0,0,1,1,0,0,0,0,1,1
0,0,0,1,1,0,0,0,0,0,1,0,0,0,1,0,1,0,1,0,0,0
0,0,0,1,1,0,0,0,0,0,1,0,0,0,1,0,1,0,0,1,0,1
0,0,0,1,1,0,0,0,0,0,1,0,0,0,1,0,1,0,0,0,1,1
0,0,0,1,1,0,0,0,0,0,1,0,0,0,1,0,0,1,1,0,0,0
0,0,0,1,1,0,0,0,0,0,1,0,0,0,1,0,0,1,0,1,0,1
0,0,0,1,1,0,0,0,0,0,1,0,0,0,1,0,0,1,0,0,1,1
0,0,0,1,1,0,0,0,0,0,0,1,1,0,0,1,0,0,1,0,0,0
0,0,0,1,1,0,0,0,0,0,0,1,1,0,0,1,0,0,0,1,0,0
0,0,0,1,1,0,0,0,0,0,0,1,1,0,0,1,0,0,0,0,1,0
0,0,0,1,1,0,0,0,0,0,0,1,1,0,0,0,1,0,1,0,0,0
0,0,0,1,1,0,0,0,0,0,0,1,1,0,0,0,1,0,0,1,0,0
0,0,0,1,1,0,0,0,0,0,0,1,1,0,0,0,1,0,0,0,1,0
0,0,0,1,1,0,0,0,0,0,0,1,1,0,0,0,0,1,1,0,0,0
0,0,0,1,1,0,0,0,0,0,0,1,1,0,0,0,0,1,0,1,0,0
0,0,0,1,1,0,0,0,0,0,0,1,1,0,0,0,0,1,0,0,1,0
0,0,0,1,1,0,0,0,0,0,0,1,0,1,0,1,0,0,1,0,0,0
0,0,0,1,1,0,0,0,0,0,0,1,0,1,0,1,0,0,0,1,0,0
0,0,0,1,1,0,0,0,0,0,0,1,0,1,0,1,0,0,0,0,1,1
0,0,0,1,1,0,0,0,0,0,0,1,0,1,0,0,1,0,1,0,0,0
0,0,0,1,1,0,0,0,0,0,0,1,0,1,0,0,1,0,0,1,0,1
0,0,0,1,1,0,0,0,0,0,0,1,0,1,0,0,1,0,0,0,1,1
0,0,0,1,1,0,0,0,0,0,0,1,0,1,0,0,0,1,1,0,0,0
0,0,0,1,1,0,0,0,0,0,0,1,0,1,0,0,0,1,0,1,0,1
0,0,0,1,1,0,0,0,0,0,0,1,0,1,0,0,0,1,0,0,1,1
0,0,0,1,1,0,0,0,0,0,0,1,0,0,1,1,0,0,1,0,0,0
0,0,0,1,1,0,0,0,0,0,0,1,0,0,1,1,0,0,0,1,0,0
0,0,0,1,1,0,0,0,0,0,0,1,0,0,1,1,0,0,0,0,1,1
0,0,0,1,1,0,0,0,0,0,0,1,0,0,1,0,1,0,1,0,0,0
0,0,0,1,1,0,0,0,0,0,0,1,0,0,1,0,1,0,0,1,0,1
0,0,0,1,1,0,0,0,0,0,0,1,0,0,1,0,1,0,0,0,1,1
0,0,0,1,1,0,0,0,0,0,0,1,0,0,1,0,0,1,1,0,0,0
0,0,0,1,1,0,0,0,0,0,0,1,0,0,1,0,0,1,0,1,0,1
0,0,0,1,1,0,0,0,0,0,0,1,0,0,1,0,0,1,0,0,1,1
0,0,0,1,0,1,0,0,1,0,0,0,1,0,0,1,0,0,1,0,0,0
0,0,0,1,0,1,0,0,1,0,0,0,1,0,0,1,0,0,0,1,0,0
0,0,0,1,0,1,0,0,1,0,0,0,1,0,0,1,0,0,0,0,1,0
0,0,0,1,0,1,0,0,1,0,0,0,1,0,0,0,1,0,1,0,0,0
0,0,0,1,0,1,0,0,1,0,0,0,1,0,0,0,1,0,0,1,0,0
0,0,0,1,0,1,0,0,1,0,0,0,1,0,0,0,1,0,0,0,1,0
0,0,0,1,0,1,0,0,1,0,0,0,1,0,0,0,0,1,1,0,0,0
0,0,0,1,0,1,0,0,1,0,0,0,1,0,0,0,0,1,0,1,0,0
0,0,0,1,0,1,0,0,1,0,0,0,1,0,0,0,0,1,0,0,1,0
0,0,0,1,0,1,0,0,1,0,0,0,0,1,0,1,0,0,1,0,0,0
0,0,0,1,0,1,0,0,1,0,0,0,0,1,0,1,0,0,0,1,0,1
0,0,0,1,0,1,0,0,1,0,0,0,0,1,0,1,0,0,0,0,1,1
0,0,0,1,0,1,0,0,1,0,0,0,0,1,0,0,1,0,1,0,0,0
0,0,0,1,0,1,0,0,1,0,0,0,0,1,0,0,1,0,0,1,0,1
0,0,0,1,0,1,0,0,1,0,0,0,0,1,0,0,1,0,0,0,1,1
0,0,0,1,0,1,0,0,1,0,0,0,0,1,0,0,0,1,1,0,0,0
0,0,0,1,0,1,0,0,1,0,0,0,0,1,0,0,0,1,0,1,0,1
0,0,0,1,0,1,0,0,1,0,0,0,0,1,0,0,0,1,0,0,1,1
0,0,0,1,0,1,0,0,1,0,0,0,0,0,1,1,0,0,1,0,0,0
0,0,0,1,0,1,0,0,1,0,0,0,0,0,1,1,0,0,0,1,0,0
0,0,0,1,0,1,0,0,1,0,0,0,0,0,1,1,0,0,0,0,1,0
0,0,0,1,0,1,0,0,1,0,0,0,0,0,1,0,1,0,1,0,0,0
0,0,0,1,0,1,0,0,1,0,0,0,0,0,1,0,1,0,0,1,0,1
0,0,0,1,0,1,0,0,1,0,0,0,0,0,1,0,1,0,0,0,1,1
0,0,0,1,0,1,0,0,1,0,0,0,0,0,1,0,0,1,1,0,0,0
0,0,0,1,0,1,0,0,1,0,0,0,0,0,1,0,0,1,0,1,0,1
0,0,0,1,0,1,0,0,1,0,0,0,0,0,1,0,0,1,0,0,1,1
0,0,0,1,0,1,0,0,0,1,0,0,1,0,0,1,0,0,1,0,0,0
0,0,0,1,0,1,0,0,0,1,0,0,1,0,0,1,0,0,0,1,0,0
0,0,0,1,0,1,0,0,0,1,0,0,1,0,0,1,0,0,0,0,1,0
0,0,0,1,0,1,0,0,0,1,0,0,1,0,0,0,1,0,1,0,0,0
0,0,0,1,0,1,0,0,0,1,0,0,1,0,0,0,1,0,0,1,0,0
0,0,0,1,0,1,0,0,0,1,0,0,1,0,0,0,1,0,0,0,1,0
0,0,0,1,0,1,0,0,0,1,0,0,1,0,0,0,0,1,1,0,0,0
0,0,0,1,0,1,0,0,0,1,0,0,1,0,0,0,0,1,0,1,0,0
0,0,0,1,0,1,0,0,0,1,0,0,1,0,0,0,0,1,0,0,1,0
0,0,0,1,0,1,0,0,0,1,0,0,0,1,0,1,0,0,1,0,0,0
0,0,0,1,0,1,0,0,0,1,0,0,0,1,0,1,0,0,0,1,0,1
0,0,0,1,0,1,0,0,0,1,0,0,0,1,0,1,0,0,0,0,1,1
0,0,0,1,0,1,0,0,0,1,0,0,0,1,0,0,1,0,1,0,0,0
0,0,0,1,0,1,0,0,0,1,0,0,0,1,0,0,1,0,0,1,0,1
0,0,0,1,0,1,0,0,0,1,0,0,0,1,0,0,1,0,0,0,1,1
0,0,0,1,0,1,0,0,0,1,0,0,0,1,0,0,0,1,1,0,0,0
0,0,0,1,0,1,0,0,0,1,0,0,0,1,0,0,0,1,0,1,0,1
0,0,0,1,0,1,0,0,0,1,0,0,0,1,0,0,0,1,0,0,1,1
0,0,0,1,0,1,0,0,0,1,0,0,0,0,1,1,0,0,1,0,0,0
0,0,0,1,0,1,0,0,0,1,0,0,0,0,1,1,0,0,0,1,0,1
0,0,0,1,0,1,0,0,0,1,0,0,0,0,1,1,0,0,0,0,1,1
0,0,0,1,0,1,0,0,0,1,0,0,0,0,1,0,1,0,1,0,0,0
0,0,0,1,0,1,0,0,0,1,0,0,0,0,1,0,1,0,0,1,0,1
0,0,0,1,0,1,0,0,0,1,0,0,0,0,1,0,1,0,0,0,1,1
0,0,0,1,0,1,0,0,0,1,0,0,0,0,1,0,0,1,1,0,0,0
0,0,0,1,0,1,0,0,0,1,0,0,0,0,1,0,0,1,0,1,0,1
0,0,0,1,0,1,0,0,0,1,0,0,0,0,1,0,0,1,0,0,1,1
0,0,0,1,0,1,0,0,0,0,1,0,1,0,0,1,0,0,1,0,0,0
0,0,0,1,0,1,0,0,0,0,1,0,1,0,0,1,0,0,0,1,0,0
0,0,0,1,0,1,0,0,0,0,1,0,1,0,0,1,0,0,0,0,1,0
0,0,0,1,0,1,0,0,0,0,1,0,1,0,0,0,1,0,1,0,0,0
0,0,0,1,0,1,0,0,0,0,1,0,1,0,0,0,1,0,0,1,0,0
0,0,0,1,0,1,0,0,0,0,1,0,1,0,0,0,1,0,0,0,1,0
0,0,0,1,0,1,0,0,0,0,1,0,1,0,0,0,0,1,1,0,0,0
0,0,0,1,0,1,0,0,0,0,1,0,1,0,0,0,0,1,0,1,0,0
0,0,0,1,0,1,0,0,0,0,1,0,1,0,0,0,0,1,0,0,1,0
0,0,0,1,0,1,0,0,0,0,1,0,0,1,0,1,0,0,1,0,0,0
0,0,0,1,0,1,0,0,0,0,1,0,0,1,0,1,0,0,0,1,0,1
0,0,0,1,0,1,0,0,0,0,1,0,0,1,0,1,0,0,0,0,1,1
0,0,0,1,0,1,0,0,0,0,1,0,0,1,0,0,1,0,1,0,0,0
0,0,0,1,0,1,0,0,0,0,1,0,0,1,0,0,1,0,0,1,0,1
0,0,0,1,0,1,0,0,0,0,1,0,0,1,0,0,1,0,0,0,1,1
0,0,0,1,0,1,0,0,0,0,1,0,0,1,0,0,0,1,1,0,0,0
0,0,0,1,0,1,0,0,0,0,1,0,0,1,0,0,0,1,0,1,0,1
0,0,0,1,0,1,0,0,0,0,1,0,0,1,0,0,0,1,0,0,1,1
0,0,0,1,0,1,0,0,0,0,1,0,0,0,1,1,0,0,1,0,0,0
0,0,0,1,0,1,0,0,0,0,1,0,0,0,1,1,0,0,0,1,0,1
0,0,0,1,0,1,0,0,0,0,1,0,0,0,1,1,0,0,0,0,1,1
0,0,0,1,0,1,0,0,0,0,1,0,0,0,1,0,1,0,1,0,0,0
0,0,0,1,0,1,0,0,0,0,1,0,0,0,1,0,1,0,0,1,0,1
0,0,0,1,0,1,0,0,0,0,1,0,0,0,1,0,1,0,0,0,1,1
0,0,0,1,0,1,0,0,0,0,1,0,0,0,1,0,0,1,1,0,0,0
0,0,0,1,0,1,0,0,0,0,1,0,0,0,1,0,0,1,0,1,0,1
0,0,0,1,0,1,0,0,0,0,1,0,0,0,1,0,0,1,0,0,1,1
0,0,0,1,0,1,0,0,0,0,0,1,1,0,0,1,0,0,1,0,0,0
0,0,0,1,0,1,0,0,0,0,0,1,1,0,0,1,0,0,0,1,0,0
0,0,0,1,0,1,0,0,0,0,0,1,1,0,0,1,0,0,0,0,1,0
0,0,0,1,0,1,0,0,0,0,0,1,1,0,0,0,1,0,1,0,0,0
0,0,0,1,0,1,0,0,0,0,0,1,1,0,0,0,1,0,0,1,0,0
0,0,0,1,0,0,1,0,1,0,0,0,0,1,0,1,0,0,1,0,0,0
0,0,0,1,0,0,1,0,1,0,0,0,0,1,0,1,0,0,0,1,0,1
0,0,0,1,0,0,1,0,1,0,0,0,0,1,0,1,0,0,0,0,1,1
0,0,0,1,0,0,1,0,1,0,0,0,0,1,0,0,1,0,1,0,0,0
0,0,0,1,0,0,1,0,1,0,0,0,0,1,0,0,1,0,0,1,0,1
0,0,0,1,0,0,1,0,1,0,0,0,0,1,0,0,1,0,0,0,1,1
0,0,0,1,0,0,1,0,1,0,0,0,0,1,0,0,0,1,1,0,0,0
0,0,0,1,0,0,1,0,1,0,0,0,0,1,0,0,0,1,0,1,0,1
0,0,0,1,0,0,1,0,1,0,0,0,0,1,0,0,0,1,0,0,1,1
0,0,0,1,0,0,1,0,1,0,0,0,0,0,1,1,0,0,1,0,0,0
0,0,0,1,0,0,1,0,1,0,0,0,0,0,1,1,0,0,0,1,0,0
0,0,0,1,0,0,1,0,1,0,0,0,0,0,1,1,0,0,0,0,1,0
0,0,0,1,0,0,1,0,1,0,0,0,0,0,1,0,1,0,1,0,0,0
0,0,0,1,0,0,1,0,1,0,0,0,0,0,1,0,1,0,0,1,0,1
0,0,0,1,0,0,1,0,1,0,0,0,0,0,1,0,1,0,0,0,1,1
0,0,0,1,0,0,1,0,1,0,0,0,0,0,1,0,0,1,1,0,0,0
0,0,0,1,0,0,1,0,1,0,0,0,0,0,1,0,0,1,0,1,0,1
0,0,0,1,0,0,1,0,1,0,0,0,0,0,1,0,0,1,0,0,1,1
0,0,0,1,0,0,1,0,0,1,0,0,1,0,0,1,0,0,1,0,0,0
0,0,0,1,0,0,1,0,0,1,0,0,1,0,0,1,0,0,0,1,0,0
0,0,0,1,0,0,1,0,0,1,0,0,1,0,0,1,0,0,0,0,1,0
0,0,0,1,0,0,1,0,0,1,0,0,1,0,0,0,1,0,1,0,0,0
0,0,0,1,0,0,1,0,0,1,0,0,1,0,0,0,1,0,0,1,0,0
0,0,0,1,0,0,1,0,0,1,0,0,1,0,0,0,1,0,0,0,1,0
0,0,0,1,0,0,1,0,0,1,0,0,1,0,0,0,0,1,1,0,0,0
0,0,0,1,0,0,1,0,0,1,0,0,1,0,0,0,0,1,0,1,0,0
0,0,0,1,0,0,1,0,0,1,0,0,1,0,0,0,0,1,0,0,1,0
0,0,0,1,0,0,1,0,0,1,0,0,0,1,0,1,0,0,1,0,0,0
0,0,0,1,0,0,1,0,0,1,0,0,0,1,0,1,0,0,0,1,0,1
0,0,0,1,0,0,1,0,0,1,0,0,0,1,0,1,0,0,0,0,1,1
0,0,0,1,0,0,1,0,0,1,0,0,0,1,0,0,1,0,1,0,0,0
0,0,0,1,0,0,1,0,0,1,0,0,0,1,0,0,1,0,0,1,0,1
0,0,0,1,0,0,1,0,0,1,0,0,0,1,0,0,1,0,0,0,1,1
0,0,0,1,0,0,1,0,0,1,0,0,0,1,0,0,0,1,1,0,0,0
0,0,0,1,0,0,1,0,0,1,0,0,0,1,0,0,0,1,0,1,0,1
0,0,0,1,0,0,1,0,0,1,0,0,0,1,0,0,0,1,0,0,1,1
0,0,0,1,0,0,1,0,0,1,0,0,0,0,1,1,0,0,1,0,0,0
0,0,0,1,0,0,1,0,0,1,0,0,0,0,1,1,0,0,0,1,0,1
0,0,0,1,0,0,1,0,0,1,0,0,0,0,1,1,0,0,0,0,1,1
0,0,0,1,0,0,1,0,0,1,0,0,0,0,1,0,1,0,1,0,0,0
0,0,0,1,0,0,1,0,0,1,0,0,0,0,1,0,1,0,0,1,0,1
0,0,0,1,0,0,1,0,0,1,0,0,0,0,1,0,1,0,0,0,1,1
0,0,0,1,0,0,1,0,0,1,0,0,0,0,1,0,0,1,1,0,0,0
0,0,0,1,0,0,1,0,0,1,0,0,0,0,1,0,0,1,0,1,0,1
0,0,0,1,0,0,1,0,0,1,0,0,0,0,1,0,0,1,0,0,1,1
0,0,0,1,0,0,1,0,0,0,1,0,1,0,0,1,0,0,1,0,0,0
0,0,0,1,0,0,1,0,0,0,1,0,1,0,0,1,0,0,0,1,0,0
0,0,0,1,0,0,1,0,0,0,1,0,1,0,0,1,0,0,0,0,1,0
0,0,0,1,0,0,1,0,0,0,1,0,1,0,0,0,1,0,1,0,0,0
0,0,0,1,0,0,1,0,0,0,1,0,1,0,0,0,1,0,0,1,0,0
0,0,0,1,0,0,1,0,0,0,1,0,1,0,0,0,1,0,0,0,1,0
0,0,0,1,0,0,1,0,0,0,1,0,1,0,0,0,0,1,1,0,0,0
0,0,0,1,0,0,1,0,0,0,1,0,1,0,0,0,0,1,0,1,0,0
0,0,0,1,0,0,1,0,0,0,1,0,1,0,0,0,0,1,0,0,1,0
0,0,0,1,0,0,1,0,0,0,1,0,0,1,0,1,0,0,1,0,0,0
0,0,0,1,0,0,1,0,0,0,1,0,0,1,0,1,0,0,0,1,0,1
0,0,0,1,0,0,1,0,0,0,1,0,0,1,0,1,0,0,0,0,1,1
0,0,0,1,0,0,1,0,0,0,1,0,0,1,0,0,1,0,1,0,0,0
0,0,0,1,0,0,1,0,0,0,1,0,0,1,0,0,1,0,0,1,0,1
0,0,0,1,0,0,1,0,0,0,1,0,0,1,0,0,1,0,0,0,1,1
0,0,0,1,0,0,1,0,0,0,1,0,0,1,0,0,0,1,1,0,0,0
0,0,0,1,0,0,1,0,0,0,1,0,0,1,0,0,0,1,0,1,0,1
0,0,0,1,0,0,1,0,0,0,1,0,0,1,0,0,0,1,0,0,1,1
0,0,0,1,0,0,1,0,0,0,1,0,0,0,1,1,0,0,1,0,0,0
0,0,0,1,0,0,1,0,0,0,1,0,0,0,1,1,0,0,0,1,0,1
0,0,0,1,0,0,1,0,0,0,1,0,0,0,1,1,0,0,0,0,1,1
0,0,0,1,0,0,1,0,0,0,1,0,0,0,1,0,1,0,1,0,0,0
0,0,0,1,0,0,1,0,0,0,1,0,0,0,1,0,1,0,0,1,0,1
0,0,0,1,0,0,1,0,0,0,1,0,0,0,1,0,1,0,0,0,1,1
0,0,0,1,0,0,1,0,0,0,1,0,0,0,1,0,0,1,1,0,0,0
0,0,0,1,0,0,1,0,0,0,1,0,0,0,1,0,0,1,0,1,0,1
0,0,0,1,0,0,1,0,0,0,1,0,0,0,1,0,0,1,0,0,1,1
0,0,0,1,0,0,1,0,0,0,0,1,1,0,0,1,0,0,1,0,0,0
0,0,0,1,0,0,1,0,0,0,0,1,1,0,0,1,0,0,0,1,0,0
0,0,0,1,0,0,1,0,0,0,0,1,1,0,0,1,0,0,0,0,1,0
0,0,0,1,0,0,1,0,0,0,0,1,1,0,0,0,1,0,1,0,0,0
0,0,0,1,0,0,1,0,0,0,0,1,1,0,0,0,1,0,0,1,0,0
0,0,0,1,0,0,1,0,0,0,0,1,1,0,0,0,1,0,0,0,1,0
0,0,0,1,0,0,1,0,0,0,0,1,1,0,0,0,0,1,1,0,0,0
0,0,0,1,0,0,1,0,0,0,0,1,1,0,0,0,0,1,0,1,0,0
0,0,0,1,0,0,1,0,0,0,0,1,1,0,0,0,0,1,0,0,1,0
0,0,0,1,0,0,1,0,0,0,0,1,0,1,0,1,0,0,1,0,0,0
0,0,0,1,0,0,1,0,0,0,0,1,0,1,0,1,0,0,0,1,0,1
0,0,0,1,0,0,1,0,0,0,0,1,0,1,0,1,0,0,0,0,1,1
0,0,0,1,0,0,1,0,0,0,0,1,0,1,0,0,1,0,1,0,0,0
0,0,0,1,0,0,1,0,0,0,0,1,0,1,0,0,1,0,0,1,0,1
0,0,0,1,0,0,1,0,0,0,0,1,0,1,0,0,1,0,0,0,1,1
0,0,0,1,0,0,1,0,0,0,0,1,0,1,0,0,0,1,1,0,0,0
0,0,0,1,0,0,1,0,0,0,0,1,0,1,0,0,0,1,0,1,0,1
0,0,0,1,0,0,1,0,0,0,0,1,0,1,0,0,0,1,0,0,1,1
0,0,0,1,0,0,1,0,0,0,0,1,0,0,1,1,0,0,1,0,0,0
0,0,0,1,0,0,1,0,0,0,0,1,0,0,1,1,0,0,0,1,0,1
0,0,0,1,0,0,1,0,0,0,0,1,0,0,1,1,0,0,0,0,1,1
0,0,0,1,0,0,1,0,0,0,0,1,0,0,1,0,1,0,1,0,0,0
0,0,0,1,0,0,1,0,0,0,0,1,0,0,1,0,1,0,0,1,0,1
0,0,0,1,0,0,1,0,0,0,0,1,0,0,1,0,1,0,0,0,1,1
0,0,0,1,0,0,1,0,0,0,0,1,0,0,1,0,0,1,1,0,0,0
0,0,0,1,0,0,1,0,0,0,0,1,0,0,1,0,0,1,0,1,0,1
0,0,0,1,0,0,1,0,0,0,0,1,0,0,1,0,0,1,0,0,1,1
0,0,0,1,0,0,0,1,1,0,0,0,1,0,0,1,0,0,1,0,0,0
0,0,0,1,0,0,0,1,1,0,0,0,1,0,0,1,0,0,0,1,0,0
0,0,0,1,0,0,0,1,1,0,0,0,1,0,0,1,0,0,0,0,1,0
0,0,0,1,0,0,0,1,1,0,0,0,1,0,0,0,1,0,1,0,0,0
0,0,0,1,0,0,0,1,1,0,0,0,1,0,0,0,1,0,0,1,0,0
0,0,0,1,0,0,0,1,1,0,0,0,1,0,0,0,1,0,0,0,1,0
0,0,0,1,0,0,0,1,1,0,0,0,1,0,0,0,0,1,1,0,0,0
0,0,0,1,0,0,0,1,1,0,0,0,1,0,0,0,0,1,0,1,0,0
0,0,0,1,0,0,0,1,1,0,0,0,1,0,0,0,0,1,0,0,1,0
0,0,0,1,0,0,0,1,1,0,0,0,0,1,0,1,0,0,1,0,0,0
0,0,0,1,0,0,0,1,1,0,0,0,0,1,0,1,0,0,0,1,0,1
0,0,0,1,0,0,0,1,1,0,0,0,0,1,0,1,0,0,0,0,1,1
0,0,0,1,0,0,0,1,1,0,0,0,0,1,0,0,1,0,1,0,0,0
0,0,0,1,0,0,0,1,1,0,0,0,0,1,0,0,1,0,0,1,0,1
0,0,0,1,0,0,0,1,1,0,0,0,0,1,0,0,1,0,0,0,1,1
0,0,0,1,0,0,0,1,1,0,0,0,0,1,0,0,0,1,1,0,0,0
0,0,0,1,0,0,0,1,1,0,0,0,0,1,0,0,0,1,0,1,0,1
0,0,0,1,0,0,0,1,1,0,0,0,0,1,0,0,0,1,0,0,1,1
0,0,0,1,0,0,0,1,0,1,0,0,0,1,0,0,1,0,1,0,0,0
0,0,0,1,0,0,0,1,0,1,0,0,0,1,0,0,1,0,0,1,0,1
0,0,0,1,0,0,0,1,0,1,0,0,0,1,0,0,1,0,0,0,1,1
0,0,0,1,0,0,0,1,0,1,0,0,0,1,0,0,0,1,1,0,0,0
0,0,0,1,0,0,0,1,0,1,0,0,0,1,0,0,0,1,0,1,0,1
0,0,0,1,0,0,0,1,0,1,0,0,0,1,0,0,0,1,0,0,1,1
0,0,0,1,0,0,0,1,0,1,0,0,0,0,1,1,0,0,1,0,0,0
0,0,0,1,0,0,0,1,0,1,0,0,0,0,1,1,0,0,0,1,0,1
0,0,0,1,0,0,0,1,0,1,0,0,0,0,1,1,0,0,0,0,1,1
0,0,0,1,0,0,0,1,0,1,0,0,0,0,1,0,1,0,1,0,0,0
0,0,0,1,0,0,0,1,0,1,0,0,0,0,1,0,1,0,0,1,0,1
0,0,0,1,0,0,0,1,0,1,0,0,0,0,1,0,1,0,0,0,1,1
0,0,0,1,0,0,0,1,0,1,0,0,0,0,1,0,0,1,1,0,0,0
0,0,0,1,0,0,0,1,0,1,0,0,0,0,1,0,0,1,0,1,0,1
0,0,0,1,0,0,0,1,0,1,0,0,0,0,1,0,0,1,0,0,1,1
0,0,0,1,0,0,0,1,0,0,1,0,1,0,0,1,0,0,1,0,0,0
0,0,0,1,0,0,0,1,0,0,1,0,1,0,0,1,0,0,0,1,0,0
0,0,0,1,0,0,0,1,0,0,1,0,1,0,0,1,0,0,0,0,1,0
0,0,0,1,0,0,0,1,0,0,1,0,1,0,0,0,1,0,1,0,0,0
0,0,0,1,0,0,0,1,0,0,1,0,1,0,0,0,1,0,0,1,0,0
0,0,0,1,0,0,0,1,0,0,1,0,1,0,0,0,1,0,0,0,1,0
0,0,0,1,0,0,0,1,0,0,1,0,1,0,0,0,0,1,1,0,0,0
0,0,0,1,0,0,0,1,0,0,1,0,1,0,0,0,0,1,0,1,0,0
0,0,0,1,0,0,0,1,0,0,1,0,1,0,0,0,0,1,0,0,1,0
0,0,0,1,0,0,0,1,0,0,1,0,0,1,0,1,0,0,1,0,0,0
0,0,0,1,0,0,0,1,0,0,1,0,0,1,0,1,0,0,0,1,0,1
0,0,0,1,0,0,0,1,0,0,1,0,0,1,0,1,0,0,0,0,1,1
0,0,0,1,0,0,0,1,0,0,1,0,0,1,0,0,1,0,1,0,0,0
0,0,0,1,0,0,0,1,0,0,1,0,0,1,0,0,1,0,0,1,0,1
0,0,0,1,0,0,0,1,0,0,1,0,0,1,0,0,1,0,0,0,1,1
0,0,0,1,0,0,0,1,0,0,1,0,0,1,0,0,0,1,1,0,0,0
0,0,0,1,0,0,0,1,0,0,1,0,0,1,0,0,0,1,0,1,0,1
0,0,0,1,0,0,0,1,0,0,1,0,0,1,0,0,0,1,0,0,1,1
0,0,0,1,0,0,0,1,0,0,1,0,0,0,1,1,0,0,1,0,0,0
0,0,0,1,0,0,0,1,0,0,1,0,0,0,1,1,0,0,0,1,0,1
0,0,0,1,0,0,0,1,0,0,1,0,0,0,1,1,0,0,0,0,1,1
0,0,0,1,0,0,0,1,0,0,1,0,0,0,1,0,1,0,1,0,0,0
0,0,0,1,0,0,0,1,0,0,1,0,0,0,1,0,1,0,0,1,0,1
0,0,0,1,0,0,0,1,0,0,1,0,0,0,1,0,1,0,0,0,1,1
0,0,0,1,0,0,0,1,0,0,1,0,0,0,1,0,0,1,1,0,0,0
0,0,0,1,0,0,0,1,0,0,1,0,0,0,1,0,0,1,0,1,0,1
0,0,0,1,0,0,0,1,0,0,1,0,0,0,1,0,0,1,0,0,1,1
0,0,0,1,0,0,0,1,0,0,0,1,1,0,0,1,0,0,1,0,0,0
0,0,0,1,0,0,0,1,0,0,0,1,1,0,0,1,0,0,0,1,0,0
0,0,0,1,0,0,0,1,0,0,0,1,1,0,0,1,0,0,0,0,1,0
0,0,0,1,0,0,0,1,0,0,0,1,1,0,0,0,1,0,1,0,0,0
0,0,0,1,0,0,0,1,0,0,0,1,1,0,0,0,1,0,0,1,0,0
0,0,0,1,0,0,0,1,0,0,0,1,1,0,0,0,1,0,0,0,1,0
0,0,0,1,0,0,0,1,0,0,0,1,1,0,0,0,0,1,1,0,0,0
0,0,0,1,0,0,0,1,0,0,0,1,1,0,0,0,0,1,0,1,0,0
0,0,0,1,0,0,0,1,0,0,0,1,1,0,0,0,0,1,0,0,1,0
0,0,0,1,0,0,0,1,0,0,0,1,0,1,0,1,0,0,1,0,0,0
0,0,0,1,0,0,0,1,0,0,0,1,0,1,0,1,0,0,0,1,0,1
0,0,0,1,0,0,0,1,0,0,0,1,0,1,0,1,0,0,0,0,1,1
0,0,0,1,0,0,0,1,0,0,0,1,0,1,0,0,1,0,1,0,0,0
0,0,0,1,0,0,0,1,0,0,0,1,0,1,0,0,1,0,0,1,0,1
0,0,0,1,0,0,0,1,0,0,0,1,0,1,0,0,1,0,0,0,1,1
0,0,0,1,0,0,0,1,0,0,0,1,0,1,0,0,0,1,1,0,0,0
0,0,0,1,0,0,0,1,0,0,0,1,0,1,0,0,0,1,0,1,0,1
0,0,0,1,0,0,0,1,0,0,0,1,0,1,0,0,0,1,0,0,1,1
0,0,0,1,0,0,0,1,0,0,0,1,0,0,1,1,0,0,1,0,0,0
0,0,0,1,0,0,0,1,0,0,0,1,0,0,1,1,0,0,0,1,0,1
0,0,0,1,0,0,0,1,0,0,0,1,0,0,1,1,0,0,0,0,1,1
0,0,0,1,0,0,0,1,0,0,0,1,0,0,1,0,1,0,1,0,0,0
0,0,0,1,0,0,0,1,0,0,0,1,0,0,1,0,1,0,0,1,0,1
0,0,0,1,0,0,0,1,0,0,0,1,0,0,1,0,1,0,0,0,1,1
0,0,0,1,0,0,0,1,0,0,0,1,0,0,1,0,0,1,1,0,0,0
0,0,0,1,0,0,0,1,0,0,0,1,0,0,1,0,0,1,0,1,0,1
0,0,0,1,0,0,0,1,0,0,0,1,0,0,1,0,0,1,0,0,1,1
